"","Libelle_de_la_region","NoListe","Libelle_Abrege_Liste","Libelle_Etendu_Liste","Nom_Tete_de_Liste","Voix","p_Voix_sur_Ins","p_Voix_sur_Exp"
"1","Grand Est",1,"LA FRANCE INSOUMISE","LA FRANCE INSOUMISE","AUBRY Manon",95065,2.47,5.12
"2","Nouvelle-Aquitaine",1,"LA FRANCE INSOUMISE","LA FRANCE INSOUMISE","AUBRY Manon",156342,3.61,7.03
"3","Auvergne-Rhône-Alpes",1,"LA FRANCE INSOUMISE","LA FRANCE INSOUMISE","AUBRY Manon",153648,2.87,5.77
"4","Bourgogne-Franche-Comté",1,"LA FRANCE INSOUMISE","LA FRANCE INSOUMISE","AUBRY Manon",62237,3.16,6.27
"5","Bretagne",1,"LA FRANCE INSOUMISE","LA FRANCE INSOUMISE","AUBRY Manon",71550,2.91,5.56
"6","Centre-Val de Loire",1,"LA FRANCE INSOUMISE","LA FRANCE INSOUMISE","AUBRY Manon",50911,2.81,5.64
"7","Île-de-France",1,"LA FRANCE INSOUMISE","LA FRANCE INSOUMISE","AUBRY Manon",218578,3.04,6.18
"8","Occitanie",1,"LA FRANCE INSOUMISE","LA FRANCE INSOUMISE","AUBRY Manon",162093,3.88,7.41
"9","Hauts-de-France",1,"LA FRANCE INSOUMISE","LA FRANCE INSOUMISE","AUBRY Manon",145260,3.45,7.05
"10","Normandie",1,"LA FRANCE INSOUMISE","LA FRANCE INSOUMISE","AUBRY Manon",75665,3.19,6.25
"11","Pays de la Loire",1,"LA FRANCE INSOUMISE","LA FRANCE INSOUMISE","AUBRY Manon",71373,2.62,5.32
"12","Provence-Alpes-Côte d'Azur",1,"LA FRANCE INSOUMISE","LA FRANCE INSOUMISE","AUBRY Manon",100001,2.82,5.85
"13","Corse",1,"LA FRANCE INSOUMISE","LA FRANCE INSOUMISE","AUBRY Manon",2707,1.16,3.15
"14","Guadeloupe",1,"LA FRANCE INSOUMISE","LA FRANCE INSOUMISE","AUBRY Manon",4957,1.61,12.96
"15","Martinique",1,"LA FRANCE INSOUMISE","LA FRANCE INSOUMISE","AUBRY Manon",5099,1.69,12.95
"16","Guyane",1,"LA FRANCE INSOUMISE","LA FRANCE INSOUMISE","AUBRY Manon",1562,1.68,13.56
"17","La Réunion",1,"LA FRANCE INSOUMISE","LA FRANCE INSOUMISE","AUBRY Manon",34192,5.31,19.03
"18","Mayotte",1,"LA FRANCE INSOUMISE","LA FRANCE INSOUMISE","AUBRY Manon",1932,2.46,9.17
"19","Grand Est",2,"UNE FRANCE ROYALE","UNE FRANCE ROYALE AU COEUR DE L'EUROPE","DE PREVOISIN Robert",269,0.01,0.01
"20","Nouvelle-Aquitaine",2,"UNE FRANCE ROYALE","UNE FRANCE ROYALE AU COEUR DE L'EUROPE","DE PREVOISIN Robert",192,0,0.01
"21","Auvergne-Rhône-Alpes",2,"UNE FRANCE ROYALE","UNE FRANCE ROYALE AU COEUR DE L'EUROPE","DE PREVOISIN Robert",290,0.01,0.01
"22","Bourgogne-Franche-Comté",2,"UNE FRANCE ROYALE","UNE FRANCE ROYALE AU COEUR DE L'EUROPE","DE PREVOISIN Robert",161,0.01,0.02
"23","Bretagne",2,"UNE FRANCE ROYALE","UNE FRANCE ROYALE AU COEUR DE L'EUROPE","DE PREVOISIN Robert",208,0.01,0.02
"24","Centre-Val de Loire",2,"UNE FRANCE ROYALE","UNE FRANCE ROYALE AU COEUR DE L'EUROPE","DE PREVOISIN Robert",240,0.01,0.03
"25","Île-de-France",2,"UNE FRANCE ROYALE","UNE FRANCE ROYALE AU COEUR DE L'EUROPE","DE PREVOISIN Robert",663,0.01,0.02
"26","Occitanie",2,"UNE FRANCE ROYALE","UNE FRANCE ROYALE AU COEUR DE L'EUROPE","DE PREVOISIN Robert",197,0,0.01
"27","Hauts-de-France",2,"UNE FRANCE ROYALE","UNE FRANCE ROYALE AU COEUR DE L'EUROPE","DE PREVOISIN Robert",210,0,0.01
"28","Normandie",2,"UNE FRANCE ROYALE","UNE FRANCE ROYALE AU COEUR DE L'EUROPE","DE PREVOISIN Robert",163,0.01,0.01
"29","Pays de la Loire",2,"UNE FRANCE ROYALE","UNE FRANCE ROYALE AU COEUR DE L'EUROPE","DE PREVOISIN Robert",284,0.01,0.02
"30","Provence-Alpes-Côte d'Azur",2,"UNE FRANCE ROYALE","UNE FRANCE ROYALE AU COEUR DE L'EUROPE","DE PREVOISIN Robert",214,0.01,0.01
"31","Corse",2,"UNE FRANCE ROYALE","UNE FRANCE ROYALE AU COEUR DE L'EUROPE","DE PREVOISIN Robert",8,0,0.01
"32","Guadeloupe",2,"UNE FRANCE ROYALE","UNE FRANCE ROYALE AU COEUR DE L'EUROPE","DE PREVOISIN Robert",2,0,0.01
"33","Martinique",2,"UNE FRANCE ROYALE","UNE FRANCE ROYALE AU COEUR DE L'EUROPE","DE PREVOISIN Robert",1,0,0
"34","Guyane",2,"UNE FRANCE ROYALE","UNE FRANCE ROYALE AU COEUR DE L'EUROPE","DE PREVOISIN Robert",4,0,0.03
"35","La Réunion",2,"UNE FRANCE ROYALE","UNE FRANCE ROYALE AU COEUR DE L'EUROPE","DE PREVOISIN Robert",4,0,0
"36","Mayotte",2,"UNE FRANCE ROYALE","UNE FRANCE ROYALE AU COEUR DE L'EUROPE","DE PREVOISIN Robert",0,0,0
"37","Grand Est",3,"LA LIGNE CLAIRE","LA LIGNE CLAIRE","CAMUS Renaud",104,0,0.01
"38","Nouvelle-Aquitaine",3,"LA LIGNE CLAIRE","LA LIGNE CLAIRE","CAMUS Renaud",76,0,0
"39","Auvergne-Rhône-Alpes",3,"LA LIGNE CLAIRE","LA LIGNE CLAIRE","CAMUS Renaud",76,0,0
"40","Bourgogne-Franche-Comté",3,"LA LIGNE CLAIRE","LA LIGNE CLAIRE","CAMUS Renaud",103,0.01,0.01
"41","Bretagne",3,"LA LIGNE CLAIRE","LA LIGNE CLAIRE","CAMUS Renaud",140,0.01,0.01
"42","Centre-Val de Loire",3,"LA LIGNE CLAIRE","LA LIGNE CLAIRE","CAMUS Renaud",60,0,0.01
"43","Île-de-France",3,"LA LIGNE CLAIRE","LA LIGNE CLAIRE","CAMUS Renaud",434,0.01,0.01
"44","Occitanie",3,"LA LIGNE CLAIRE","LA LIGNE CLAIRE","CAMUS Renaud",54,0,0
"45","Hauts-de-France",3,"LA LIGNE CLAIRE","LA LIGNE CLAIRE","CAMUS Renaud",165,0,0.01
"46","Normandie",3,"LA LIGNE CLAIRE","LA LIGNE CLAIRE","CAMUS Renaud",79,0,0.01
"47","Pays de la Loire",3,"LA LIGNE CLAIRE","LA LIGNE CLAIRE","CAMUS Renaud",140,0.01,0.01
"48","Provence-Alpes-Côte d'Azur",3,"LA LIGNE CLAIRE","LA LIGNE CLAIRE","CAMUS Renaud",135,0,0.01
"49","Corse",3,"LA LIGNE CLAIRE","LA LIGNE CLAIRE","CAMUS Renaud",1,0,0
"50","Guadeloupe",3,"LA LIGNE CLAIRE","LA LIGNE CLAIRE","CAMUS Renaud",0,0,0
"51","Martinique",3,"LA LIGNE CLAIRE","LA LIGNE CLAIRE","CAMUS Renaud",1,0,0
"52","Guyane",3,"LA LIGNE CLAIRE","LA LIGNE CLAIRE","CAMUS Renaud",1,0,0.01
"53","La Réunion",3,"LA LIGNE CLAIRE","LA LIGNE CLAIRE","CAMUS Renaud",1,0,0
"54","Mayotte",3,"LA LIGNE CLAIRE","LA LIGNE CLAIRE","CAMUS Renaud",0,0,0
"55","Grand Est",4,"PARTI PIRATE","PARTI PIRATE","MARIE Florie",2220,0.06,0.12
"56","Nouvelle-Aquitaine",4,"PARTI PIRATE","PARTI PIRATE","MARIE Florie",1836,0.04,0.08
"57","Auvergne-Rhône-Alpes",4,"PARTI PIRATE","PARTI PIRATE","MARIE Florie",3743,0.07,0.14
"58","Bourgogne-Franche-Comté",4,"PARTI PIRATE","PARTI PIRATE","MARIE Florie",864,0.04,0.09
"59","Bretagne",4,"PARTI PIRATE","PARTI PIRATE","MARIE Florie",1580,0.06,0.12
"60","Centre-Val de Loire",4,"PARTI PIRATE","PARTI PIRATE","MARIE Florie",692,0.04,0.08
"61","Île-de-France",4,"PARTI PIRATE","PARTI PIRATE","MARIE Florie",9283,0.13,0.26
"62","Occitanie",4,"PARTI PIRATE","PARTI PIRATE","MARIE Florie",2980,0.07,0.14
"63","Hauts-de-France",4,"PARTI PIRATE","PARTI PIRATE","MARIE Florie",1659,0.04,0.08
"64","Normandie",4,"PARTI PIRATE","PARTI PIRATE","MARIE Florie",1013,0.04,0.08
"65","Pays de la Loire",4,"PARTI PIRATE","PARTI PIRATE","MARIE Florie",2028,0.07,0.15
"66","Provence-Alpes-Côte d'Azur",4,"PARTI PIRATE","PARTI PIRATE","MARIE Florie",1786,0.05,0.1
"67","Corse",4,"PARTI PIRATE","PARTI PIRATE","MARIE Florie",34,0.01,0.04
"68","Guadeloupe",4,"PARTI PIRATE","PARTI PIRATE","MARIE Florie",10,0,0.03
"69","Martinique",4,"PARTI PIRATE","PARTI PIRATE","MARIE Florie",9,0,0.02
"70","Guyane",4,"PARTI PIRATE","PARTI PIRATE","MARIE Florie",13,0.01,0.11
"71","La Réunion",4,"PARTI PIRATE","PARTI PIRATE","MARIE Florie",61,0.01,0.03
"72","Mayotte",4,"PARTI PIRATE","PARTI PIRATE","MARIE Florie",8,0.01,0.04
"73","Grand Est",5,"RENAISSANCE","RENAISSANCE SOUTENUE PAR LA RÉPUBLIQUE EN MARCHE. LE MODEM ET SES PARTENAIRES","LOISEAU Nathalie",382886,9.94,20.62
"74","Nouvelle-Aquitaine",5,"RENAISSANCE","RENAISSANCE SOUTENUE PAR LA RÉPUBLIQUE EN MARCHE. LE MODEM ET SES PARTENAIRES","LOISEAU Nathalie",495592,11.46,22.29
"75","Auvergne-Rhône-Alpes",5,"RENAISSANCE","RENAISSANCE SOUTENUE PAR LA RÉPUBLIQUE EN MARCHE. LE MODEM ET SES PARTENAIRES","LOISEAU Nathalie",603210,11.25,22.65
"76","Bourgogne-Franche-Comté",5,"RENAISSANCE","RENAISSANCE SOUTENUE PAR LA RÉPUBLIQUE EN MARCHE. LE MODEM ET SES PARTENAIRES","LOISEAU Nathalie",202576,10.28,20.41
"77","Bretagne",5,"RENAISSANCE","RENAISSANCE SOUTENUE PAR LA RÉPUBLIQUE EN MARCHE. LE MODEM ET SES PARTENAIRES","LOISEAU Nathalie",329956,13.44,25.64
"78","Centre-Val de Loire",5,"RENAISSANCE","RENAISSANCE SOUTENUE PAR LA RÉPUBLIQUE EN MARCHE. LE MODEM ET SES PARTENAIRES","LOISEAU Nathalie",194604,10.75,21.56
"79","Île-de-France",5,"RENAISSANCE","RENAISSANCE SOUTENUE PAR LA RÉPUBLIQUE EN MARCHE. LE MODEM ET SES PARTENAIRES","LOISEAU Nathalie",964060,13.41,27.26
"80","Occitanie",5,"RENAISSANCE","RENAISSANCE SOUTENUE PAR LA RÉPUBLIQUE EN MARCHE. LE MODEM ET SES PARTENAIRES","LOISEAU Nathalie",439620,10.51,20.11
"81","Hauts-de-France",5,"RENAISSANCE","RENAISSANCE SOUTENUE PAR LA RÉPUBLIQUE EN MARCHE. LE MODEM ET SES PARTENAIRES","LOISEAU Nathalie",369830,8.79,17.95
"82","Normandie",5,"RENAISSANCE","RENAISSANCE SOUTENUE PAR LA RÉPUBLIQUE EN MARCHE. LE MODEM ET SES PARTENAIRES","LOISEAU Nathalie",253703,10.7,20.94
"83","Pays de la Loire",5,"RENAISSANCE","RENAISSANCE SOUTENUE PAR LA RÉPUBLIQUE EN MARCHE. LE MODEM ET SES PARTENAIRES","LOISEAU Nathalie",337679,12.4,25.16
"84","Provence-Alpes-Côte d'Azur",5,"RENAISSANCE","RENAISSANCE SOUTENUE PAR LA RÉPUBLIQUE EN MARCHE. LE MODEM ET SES PARTENAIRES","LOISEAU Nathalie",348437,9.82,20.37
"85","Corse",5,"RENAISSANCE","RENAISSANCE SOUTENUE PAR LA RÉPUBLIQUE EN MARCHE. LE MODEM ET SES PARTENAIRES","LOISEAU Nathalie",12921,5.54,15.04
"86","Guadeloupe",5,"RENAISSANCE","RENAISSANCE SOUTENUE PAR LA RÉPUBLIQUE EN MARCHE. LE MODEM ET SES PARTENAIRES","LOISEAU Nathalie",6913,2.25,18.07
"87","Martinique",5,"RENAISSANCE","RENAISSANCE SOUTENUE PAR LA RÉPUBLIQUE EN MARCHE. LE MODEM ET SES PARTENAIRES","LOISEAU Nathalie",7179,2.38,18.24
"88","Guyane",5,"RENAISSANCE","RENAISSANCE SOUTENUE PAR LA RÉPUBLIQUE EN MARCHE. LE MODEM ET SES PARTENAIRES","LOISEAU Nathalie",1917,2.06,16.64
"89","La Réunion",5,"RENAISSANCE","RENAISSANCE SOUTENUE PAR LA RÉPUBLIQUE EN MARCHE. LE MODEM ET SES PARTENAIRES","LOISEAU Nathalie",18869,2.93,10.5
"90","Mayotte",5,"RENAISSANCE","RENAISSANCE SOUTENUE PAR LA RÉPUBLIQUE EN MARCHE. LE MODEM ET SES PARTENAIRES","LOISEAU Nathalie",1868,2.38,8.87
"91","Grand Est",6,"DÉMOCRATIE REPRÉSENTATIVE","DÉMOCRATIE REPRÉSENTATIVE","TRAORÉ Hamada",134,0,0.01
"92","Nouvelle-Aquitaine",6,"DÉMOCRATIE REPRÉSENTATIVE","DÉMOCRATIE REPRÉSENTATIVE","TRAORÉ Hamada",61,0,0
"93","Auvergne-Rhône-Alpes",6,"DÉMOCRATIE REPRÉSENTATIVE","DÉMOCRATIE REPRÉSENTATIVE","TRAORÉ Hamada",186,0,0.01
"94","Bourgogne-Franche-Comté",6,"DÉMOCRATIE REPRÉSENTATIVE","DÉMOCRATIE REPRÉSENTATIVE","TRAORÉ Hamada",90,0,0.01
"95","Bretagne",6,"DÉMOCRATIE REPRÉSENTATIVE","DÉMOCRATIE REPRÉSENTATIVE","TRAORÉ Hamada",195,0.01,0.02
"96","Centre-Val de Loire",6,"DÉMOCRATIE REPRÉSENTATIVE","DÉMOCRATIE REPRÉSENTATIVE","TRAORÉ Hamada",90,0,0.01
"97","Île-de-France",6,"DÉMOCRATIE REPRÉSENTATIVE","DÉMOCRATIE REPRÉSENTATIVE","TRAORÉ Hamada",1588,0.02,0.04
"98","Occitanie",6,"DÉMOCRATIE REPRÉSENTATIVE","DÉMOCRATIE REPRÉSENTATIVE","TRAORÉ Hamada",73,0,0
"99","Hauts-de-France",6,"DÉMOCRATIE REPRÉSENTATIVE","DÉMOCRATIE REPRÉSENTATIVE","TRAORÉ Hamada",164,0,0.01
"100","Normandie",6,"DÉMOCRATIE REPRÉSENTATIVE","DÉMOCRATIE REPRÉSENTATIVE","TRAORÉ Hamada",144,0.01,0.01
"101","Pays de la Loire",6,"DÉMOCRATIE REPRÉSENTATIVE","DÉMOCRATIE REPRÉSENTATIVE","TRAORÉ Hamada",142,0.01,0.01
"102","Provence-Alpes-Côte d'Azur",6,"DÉMOCRATIE REPRÉSENTATIVE","DÉMOCRATIE REPRÉSENTATIVE","TRAORÉ Hamada",182,0.01,0.01
"103","Corse",6,"DÉMOCRATIE REPRÉSENTATIVE","DÉMOCRATIE REPRÉSENTATIVE","TRAORÉ Hamada",1,0,0
"104","Guadeloupe",6,"DÉMOCRATIE REPRÉSENTATIVE","DÉMOCRATIE REPRÉSENTATIVE","TRAORÉ Hamada",8,0,0.02
"105","Martinique",6,"DÉMOCRATIE REPRÉSENTATIVE","DÉMOCRATIE REPRÉSENTATIVE","TRAORÉ Hamada",0,0,0
"106","Guyane",6,"DÉMOCRATIE REPRÉSENTATIVE","DÉMOCRATIE REPRÉSENTATIVE","TRAORÉ Hamada",0,0,0
"107","La Réunion",6,"DÉMOCRATIE REPRÉSENTATIVE","DÉMOCRATIE REPRÉSENTATIVE","TRAORÉ Hamada",9,0,0.01
"108","Mayotte",6,"DÉMOCRATIE REPRÉSENTATIVE","DÉMOCRATIE REPRÉSENTATIVE","TRAORÉ Hamada",5,0.01,0.02
"109","Grand Est",7,"ENSEMBLE PATRIOTES","ENSEMBLE PATRIOTES ET GILETS JAUNES : POUR LA FRANCE. SORTONS DE L'UNION EUROPÉENNE !","PHILIPPOT Florian",18043,0.47,0.97
"110","Nouvelle-Aquitaine",7,"ENSEMBLE PATRIOTES","ENSEMBLE PATRIOTES ET GILETS JAUNES : POUR LA FRANCE. SORTONS DE L'UNION EUROPÉENNE !","PHILIPPOT Florian",13679,0.32,0.62
"111","Auvergne-Rhône-Alpes",7,"ENSEMBLE PATRIOTES","ENSEMBLE PATRIOTES ET GILETS JAUNES : POUR LA FRANCE. SORTONS DE L'UNION EUROPÉENNE !","PHILIPPOT Florian",17289,0.32,0.65
"112","Bourgogne-Franche-Comté",7,"ENSEMBLE PATRIOTES","ENSEMBLE PATRIOTES ET GILETS JAUNES : POUR LA FRANCE. SORTONS DE L'UNION EUROPÉENNE !","PHILIPPOT Florian",8515,0.43,0.86
"113","Bretagne",7,"ENSEMBLE PATRIOTES","ENSEMBLE PATRIOTES ET GILETS JAUNES : POUR LA FRANCE. SORTONS DE L'UNION EUROPÉENNE !","PHILIPPOT Florian",4042,0.16,0.31
"114","Centre-Val de Loire",7,"ENSEMBLE PATRIOTES","ENSEMBLE PATRIOTES ET GILETS JAUNES : POUR LA FRANCE. SORTONS DE L'UNION EUROPÉENNE !","PHILIPPOT Florian",6798,0.38,0.75
"115","Île-de-France",7,"ENSEMBLE PATRIOTES","ENSEMBLE PATRIOTES ET GILETS JAUNES : POUR LA FRANCE. SORTONS DE L'UNION EUROPÉENNE !","PHILIPPOT Florian",12216,0.17,0.35
"116","Occitanie",7,"ENSEMBLE PATRIOTES","ENSEMBLE PATRIOTES ET GILETS JAUNES : POUR LA FRANCE. SORTONS DE L'UNION EUROPÉENNE !","PHILIPPOT Florian",14485,0.35,0.66
"117","Hauts-de-France",7,"ENSEMBLE PATRIOTES","ENSEMBLE PATRIOTES ET GILETS JAUNES : POUR LA FRANCE. SORTONS DE L'UNION EUROPÉENNE !","PHILIPPOT Florian",19352,0.46,0.94
"118","Normandie",7,"ENSEMBLE PATRIOTES","ENSEMBLE PATRIOTES ET GILETS JAUNES : POUR LA FRANCE. SORTONS DE L'UNION EUROPÉENNE !","PHILIPPOT Florian",10930,0.46,0.9
"119","Pays de la Loire",7,"ENSEMBLE PATRIOTES","ENSEMBLE PATRIOTES ET GILETS JAUNES : POUR LA FRANCE. SORTONS DE L'UNION EUROPÉENNE !","PHILIPPOT Florian",4870,0.18,0.36
"120","Provence-Alpes-Côte d'Azur",7,"ENSEMBLE PATRIOTES","ENSEMBLE PATRIOTES ET GILETS JAUNES : POUR LA FRANCE. SORTONS DE L'UNION EUROPÉENNE !","PHILIPPOT Florian",12010,0.34,0.7
"121","Corse",7,"ENSEMBLE PATRIOTES","ENSEMBLE PATRIOTES ET GILETS JAUNES : POUR LA FRANCE. SORTONS DE L'UNION EUROPÉENNE !","PHILIPPOT Florian",486,0.21,0.57
"122","Guadeloupe",7,"ENSEMBLE PATRIOTES","ENSEMBLE PATRIOTES ET GILETS JAUNES : POUR LA FRANCE. SORTONS DE L'UNION EUROPÉENNE !","PHILIPPOT Florian",315,0.1,0.82
"123","Martinique",7,"ENSEMBLE PATRIOTES","ENSEMBLE PATRIOTES ET GILETS JAUNES : POUR LA FRANCE. SORTONS DE L'UNION EUROPÉENNE !","PHILIPPOT Florian",2,0,0.01
"124","Guyane",7,"ENSEMBLE PATRIOTES","ENSEMBLE PATRIOTES ET GILETS JAUNES : POUR LA FRANCE. SORTONS DE L'UNION EUROPÉENNE !","PHILIPPOT Florian",127,0.14,1.1
"125","La Réunion",7,"ENSEMBLE PATRIOTES","ENSEMBLE PATRIOTES ET GILETS JAUNES : POUR LA FRANCE. SORTONS DE L'UNION EUROPÉENNE !","PHILIPPOT Florian",1977,0.31,1.1
"126","Mayotte",7,"ENSEMBLE PATRIOTES","ENSEMBLE PATRIOTES ET GILETS JAUNES : POUR LA FRANCE. SORTONS DE L'UNION EUROPÉENNE !","PHILIPPOT Florian",289,0.37,1.37
"127","Grand Est",8,"PACE","PACE - PARTI DES CITOYENS EUROPÉENS","ALEXANDRE Audric",506,0.01,0.03
"128","Nouvelle-Aquitaine",8,"PACE","PACE - PARTI DES CITOYENS EUROPÉENS","ALEXANDRE Audric",599,0.01,0.03
"129","Auvergne-Rhône-Alpes",8,"PACE","PACE - PARTI DES CITOYENS EUROPÉENS","ALEXANDRE Audric",714,0.01,0.03
"130","Bourgogne-Franche-Comté",8,"PACE","PACE - PARTI DES CITOYENS EUROPÉENS","ALEXANDRE Audric",152,0.01,0.02
"131","Bretagne",8,"PACE","PACE - PARTI DES CITOYENS EUROPÉENS","ALEXANDRE Audric",364,0.01,0.03
"132","Centre-Val de Loire",8,"PACE","PACE - PARTI DES CITOYENS EUROPÉENS","ALEXANDRE Audric",209,0.01,0.02
"133","Île-de-France",8,"PACE","PACE - PARTI DES CITOYENS EUROPÉENS","ALEXANDRE Audric",1224,0.02,0.03
"134","Occitanie",8,"PACE","PACE - PARTI DES CITOYENS EUROPÉENS","ALEXANDRE Audric",357,0.01,0.02
"135","Hauts-de-France",8,"PACE","PACE - PARTI DES CITOYENS EUROPÉENS","ALEXANDRE Audric",1042,0.02,0.05
"136","Normandie",8,"PACE","PACE - PARTI DES CITOYENS EUROPÉENS","ALEXANDRE Audric",317,0.01,0.03
"137","Pays de la Loire",8,"PACE","PACE - PARTI DES CITOYENS EUROPÉENS","ALEXANDRE Audric",502,0.02,0.04
"138","Provence-Alpes-Côte d'Azur",8,"PACE","PACE - PARTI DES CITOYENS EUROPÉENS","ALEXANDRE Audric",398,0.01,0.02
"139","Corse",8,"PACE","PACE - PARTI DES CITOYENS EUROPÉENS","ALEXANDRE Audric",12,0.01,0.01
"140","Guadeloupe",8,"PACE","PACE - PARTI DES CITOYENS EUROPÉENS","ALEXANDRE Audric",23,0.01,0.06
"141","Martinique",8,"PACE","PACE - PARTI DES CITOYENS EUROPÉENS","ALEXANDRE Audric",1,0,0
"142","Guyane",8,"PACE","PACE - PARTI DES CITOYENS EUROPÉENS","ALEXANDRE Audric",1,0,0.01
"143","La Réunion",8,"PACE","PACE - PARTI DES CITOYENS EUROPÉENS","ALEXANDRE Audric",12,0,0.01
"144","Mayotte",8,"PACE","PACE - PARTI DES CITOYENS EUROPÉENS","ALEXANDRE Audric",4,0.01,0.02
"145","Grand Est",9,"URGENCE ÉCOLOGIE","URGENCE ÉCOLOGIE","BOURG Dominique",34504,0.9,1.86
"146","Nouvelle-Aquitaine",9,"URGENCE ÉCOLOGIE","URGENCE ÉCOLOGIE","BOURG Dominique",43567,1.01,1.96
"147","Auvergne-Rhône-Alpes",9,"URGENCE ÉCOLOGIE","URGENCE ÉCOLOGIE","BOURG Dominique",50476,0.94,1.9
"148","Bourgogne-Franche-Comté",9,"URGENCE ÉCOLOGIE","URGENCE ÉCOLOGIE","BOURG Dominique",17263,0.88,1.74
"149","Bretagne",9,"URGENCE ÉCOLOGIE","URGENCE ÉCOLOGIE","BOURG Dominique",23066,0.94,1.79
"150","Centre-Val de Loire",9,"URGENCE ÉCOLOGIE","URGENCE ÉCOLOGIE","BOURG Dominique",15164,0.84,1.68
"151","Île-de-France",9,"URGENCE ÉCOLOGIE","URGENCE ÉCOLOGIE","BOURG Dominique",70331,0.98,1.99
"152","Occitanie",9,"URGENCE ÉCOLOGIE","URGENCE ÉCOLOGIE","BOURG Dominique",39247,0.94,1.8
"153","Hauts-de-France",9,"URGENCE ÉCOLOGIE","URGENCE ÉCOLOGIE","BOURG Dominique",27074,0.64,1.31
"154","Normandie",9,"URGENCE ÉCOLOGIE","URGENCE ÉCOLOGIE","BOURG Dominique",19360,0.82,1.6
"155","Pays de la Loire",9,"URGENCE ÉCOLOGIE","URGENCE ÉCOLOGIE","BOURG Dominique",25983,0.95,1.94
"156","Provence-Alpes-Côte d'Azur",9,"URGENCE ÉCOLOGIE","URGENCE ÉCOLOGIE","BOURG Dominique",32646,0.92,1.91
"157","Corse",9,"URGENCE ÉCOLOGIE","URGENCE ÉCOLOGIE","BOURG Dominique",1280,0.55,1.49
"158","Guadeloupe",9,"URGENCE ÉCOLOGIE","URGENCE ÉCOLOGIE","BOURG Dominique",844,0.27,2.21
"159","Martinique",9,"URGENCE ÉCOLOGIE","URGENCE ÉCOLOGIE","BOURG Dominique",1090,0.36,2.77
"160","Guyane",9,"URGENCE ÉCOLOGIE","URGENCE ÉCOLOGIE","BOURG Dominique",9,0.01,0.08
"161","La Réunion",9,"URGENCE ÉCOLOGIE","URGENCE ÉCOLOGIE","BOURG Dominique",3359,0.52,1.87
"162","Mayotte",9,"URGENCE ÉCOLOGIE","URGENCE ÉCOLOGIE","BOURG Dominique",6,0.01,0.03
"163","Grand Est",10,"LISTE DE LA RECONQUÊTE","LISTE DE LA RECONQUÊTE","VAUCLIN Vincent",310,0.01,0.02
"164","Nouvelle-Aquitaine",10,"LISTE DE LA RECONQUÊTE","LISTE DE LA RECONQUÊTE","VAUCLIN Vincent",287,0.01,0.01
"165","Auvergne-Rhône-Alpes",10,"LISTE DE LA RECONQUÊTE","LISTE DE LA RECONQUÊTE","VAUCLIN Vincent",414,0.01,0.02
"166","Bourgogne-Franche-Comté",10,"LISTE DE LA RECONQUÊTE","LISTE DE LA RECONQUÊTE","VAUCLIN Vincent",175,0.01,0.02
"167","Bretagne",10,"LISTE DE LA RECONQUÊTE","LISTE DE LA RECONQUÊTE","VAUCLIN Vincent",330,0.01,0.03
"168","Centre-Val de Loire",10,"LISTE DE LA RECONQUÊTE","LISTE DE LA RECONQUÊTE","VAUCLIN Vincent",184,0.01,0.02
"169","Île-de-France",10,"LISTE DE LA RECONQUÊTE","LISTE DE LA RECONQUÊTE","VAUCLIN Vincent",885,0.01,0.03
"170","Occitanie",10,"LISTE DE LA RECONQUÊTE","LISTE DE LA RECONQUÊTE","VAUCLIN Vincent",296,0.01,0.01
"171","Hauts-de-France",10,"LISTE DE LA RECONQUÊTE","LISTE DE LA RECONQUÊTE","VAUCLIN Vincent",453,0.01,0.02
"172","Normandie",10,"LISTE DE LA RECONQUÊTE","LISTE DE LA RECONQUÊTE","VAUCLIN Vincent",448,0.02,0.04
"173","Pays de la Loire",10,"LISTE DE LA RECONQUÊTE","LISTE DE LA RECONQUÊTE","VAUCLIN Vincent",296,0.01,0.02
"174","Provence-Alpes-Côte d'Azur",10,"LISTE DE LA RECONQUÊTE","LISTE DE LA RECONQUÊTE","VAUCLIN Vincent",395,0.01,0.02
"175","Corse",10,"LISTE DE LA RECONQUÊTE","LISTE DE LA RECONQUÊTE","VAUCLIN Vincent",6,0,0.01
"176","Guadeloupe",10,"LISTE DE LA RECONQUÊTE","LISTE DE LA RECONQUÊTE","VAUCLIN Vincent",3,0,0.01
"177","Martinique",10,"LISTE DE LA RECONQUÊTE","LISTE DE LA RECONQUÊTE","VAUCLIN Vincent",9,0,0.02
"178","Guyane",10,"LISTE DE LA RECONQUÊTE","LISTE DE LA RECONQUÊTE","VAUCLIN Vincent",1,0,0.01
"179","La Réunion",10,"LISTE DE LA RECONQUÊTE","LISTE DE LA RECONQUÊTE","VAUCLIN Vincent",14,0,0.01
"180","Mayotte",10,"LISTE DE LA RECONQUÊTE","LISTE DE LA RECONQUÊTE","VAUCLIN Vincent",3,0,0.01
"181","Grand Est",11,"LES EUROPÉENS","LES EUROPÉENS","LAGARDE Jean-Christophe",49596,1.29,2.67
"182","Nouvelle-Aquitaine",11,"LES EUROPÉENS","LES EUROPÉENS","LAGARDE Jean-Christophe",50761,1.17,2.28
"183","Auvergne-Rhône-Alpes",11,"LES EUROPÉENS","LES EUROPÉENS","LAGARDE Jean-Christophe",69784,1.3,2.62
"184","Bourgogne-Franche-Comté",11,"LES EUROPÉENS","LES EUROPÉENS","LAGARDE Jean-Christophe",24772,1.26,2.5
"185","Bretagne",11,"LES EUROPÉENS","LES EUROPÉENS","LAGARDE Jean-Christophe",33074,1.35,2.57
"186","Centre-Val de Loire",11,"LES EUROPÉENS","LES EUROPÉENS","LAGARDE Jean-Christophe",27337,1.51,3.03
"187","Île-de-France",11,"LES EUROPÉENS","LES EUROPÉENS","LAGARDE Jean-Christophe",97008,1.35,2.74
"188","Occitanie",11,"LES EUROPÉENS","LES EUROPÉENS","LAGARDE Jean-Christophe",40767,0.97,1.86
"189","Hauts-de-France",11,"LES EUROPÉENS","LES EUROPÉENS","LAGARDE Jean-Christophe",50555,1.2,2.45
"190","Normandie",11,"LES EUROPÉENS","LES EUROPÉENS","LAGARDE Jean-Christophe",31689,1.34,2.62
"191","Pays de la Loire",11,"LES EUROPÉENS","LES EUROPÉENS","LAGARDE Jean-Christophe",43294,1.59,3.23
"192","Provence-Alpes-Côte d'Azur",11,"LES EUROPÉENS","LES EUROPÉENS","LAGARDE Jean-Christophe",31332,0.88,1.83
"193","Corse",11,"LES EUROPÉENS","LES EUROPÉENS","LAGARDE Jean-Christophe",751,0.32,0.87
"194","Guadeloupe",11,"LES EUROPÉENS","LES EUROPÉENS","LAGARDE Jean-Christophe",713,0.23,1.86
"195","Martinique",11,"LES EUROPÉENS","LES EUROPÉENS","LAGARDE Jean-Christophe",1256,0.42,3.19
"196","Guyane",11,"LES EUROPÉENS","LES EUROPÉENS","LAGARDE Jean-Christophe",197,0.21,1.71
"197","La Réunion",11,"LES EUROPÉENS","LES EUROPÉENS","LAGARDE Jean-Christophe",3421,0.53,1.9
"198","Mayotte",11,"LES EUROPÉENS","LES EUROPÉENS","LAGARDE Jean-Christophe",314,0.4,1.49
"199","Grand Est",12,"ENVIE D'EUROPE","ENVIE D'EUROPE ÉCOLOGIQUE ET SOCIALE","GLUCKSMANN Raphaël",91853,2.38,4.95
"200","Nouvelle-Aquitaine",12,"ENVIE D'EUROPE","ENVIE D'EUROPE ÉCOLOGIQUE ET SOCIALE","GLUCKSMANN Raphaël",172774,3.99,7.77
"201","Auvergne-Rhône-Alpes",12,"ENVIE D'EUROPE","ENVIE D'EUROPE ÉCOLOGIQUE ET SOCIALE","GLUCKSMANN Raphaël",159678,2.98,6
"202","Bourgogne-Franche-Comté",12,"ENVIE D'EUROPE","ENVIE D'EUROPE ÉCOLOGIQUE ET SOCIALE","GLUCKSMANN Raphaël",55428,2.81,5.58
"203","Bretagne",12,"ENVIE D'EUROPE","ENVIE D'EUROPE ÉCOLOGIQUE ET SOCIALE","GLUCKSMANN Raphaël",97318,3.96,7.56
"204","Centre-Val de Loire",12,"ENVIE D'EUROPE","ENVIE D'EUROPE ÉCOLOGIQUE ET SOCIALE","GLUCKSMANN Raphaël",52056,2.88,5.77
"205","Île-de-France",12,"ENVIE D'EUROPE","ENVIE D'EUROPE ÉCOLOGIQUE ET SOCIALE","GLUCKSMANN Raphaël",231640,3.22,6.55
"206","Occitanie",12,"ENVIE D'EUROPE","ENVIE D'EUROPE ÉCOLOGIQUE ET SOCIALE","GLUCKSMANN Raphaël",165841,3.97,7.59
"207","Hauts-de-France",12,"ENVIE D'EUROPE","ENVIE D'EUROPE ÉCOLOGIQUE ET SOCIALE","GLUCKSMANN Raphaël",96001,2.28,4.66
"208","Normandie",12,"ENVIE D'EUROPE","ENVIE D'EUROPE ÉCOLOGIQUE ET SOCIALE","GLUCKSMANN Raphaël",71759,3.03,5.92
"209","Pays de la Loire",12,"ENVIE D'EUROPE","ENVIE D'EUROPE ÉCOLOGIQUE ET SOCIALE","GLUCKSMANN Raphaël",93308,3.43,6.95
"210","Provence-Alpes-Côte d'Azur",12,"ENVIE D'EUROPE","ENVIE D'EUROPE ÉCOLOGIQUE ET SOCIALE","GLUCKSMANN Raphaël",76667,2.16,4.48
"211","Corse",12,"ENVIE D'EUROPE","ENVIE D'EUROPE ÉCOLOGIQUE ET SOCIALE","GLUCKSMANN Raphaël",3004,1.29,3.5
"212","Guadeloupe",12,"ENVIE D'EUROPE","ENVIE D'EUROPE ÉCOLOGIQUE ET SOCIALE","GLUCKSMANN Raphaël",3445,1.12,9.01
"213","Martinique",12,"ENVIE D'EUROPE","ENVIE D'EUROPE ÉCOLOGIQUE ET SOCIALE","GLUCKSMANN Raphaël",3350,1.11,8.51
"214","Guyane",12,"ENVIE D'EUROPE","ENVIE D'EUROPE ÉCOLOGIQUE ET SOCIALE","GLUCKSMANN Raphaël",665,0.71,5.77
"215","La Réunion",12,"ENVIE D'EUROPE","ENVIE D'EUROPE ÉCOLOGIQUE ET SOCIALE","GLUCKSMANN Raphaël",10086,1.57,5.61
"216","Mayotte",12,"ENVIE D'EUROPE","ENVIE D'EUROPE ÉCOLOGIQUE ET SOCIALE","GLUCKSMANN Raphaël",499,0.63,2.37
"217","Grand Est",13,"PARTI FED. EUROPÉEN","PARTI FÉDÉRALISTE EUROPÉEN - POUR UNE EUROPE QUI PROTÈGE SES CITOYENS","GERNIGON Yves",1755,0.05,0.09
"218","Nouvelle-Aquitaine",13,"PARTI FED. EUROPÉEN","PARTI FÉDÉRALISTE EUROPÉEN - POUR UNE EUROPE QUI PROTÈGE SES CITOYENS","GERNIGON Yves",658,0.02,0.03
"219","Auvergne-Rhône-Alpes",13,"PARTI FED. EUROPÉEN","PARTI FÉDÉRALISTE EUROPÉEN - POUR UNE EUROPE QUI PROTÈGE SES CITOYENS","GERNIGON Yves",1441,0.03,0.05
"220","Bourgogne-Franche-Comté",13,"PARTI FED. EUROPÉEN","PARTI FÉDÉRALISTE EUROPÉEN - POUR UNE EUROPE QUI PROTÈGE SES CITOYENS","GERNIGON Yves",223,0.01,0.02
"221","Bretagne",13,"PARTI FED. EUROPÉEN","PARTI FÉDÉRALISTE EUROPÉEN - POUR UNE EUROPE QUI PROTÈGE SES CITOYENS","GERNIGON Yves",1871,0.08,0.15
"222","Centre-Val de Loire",13,"PARTI FED. EUROPÉEN","PARTI FÉDÉRALISTE EUROPÉEN - POUR UNE EUROPE QUI PROTÈGE SES CITOYENS","GERNIGON Yves",137,0.01,0.02
"223","Île-de-France",13,"PARTI FED. EUROPÉEN","PARTI FÉDÉRALISTE EUROPÉEN - POUR UNE EUROPE QUI PROTÈGE SES CITOYENS","GERNIGON Yves",1895,0.03,0.05
"224","Occitanie",13,"PARTI FED. EUROPÉEN","PARTI FÉDÉRALISTE EUROPÉEN - POUR UNE EUROPE QUI PROTÈGE SES CITOYENS","GERNIGON Yves",687,0.02,0.03
"225","Hauts-de-France",13,"PARTI FED. EUROPÉEN","PARTI FÉDÉRALISTE EUROPÉEN - POUR UNE EUROPE QUI PROTÈGE SES CITOYENS","GERNIGON Yves",1003,0.02,0.05
"226","Normandie",13,"PARTI FED. EUROPÉEN","PARTI FÉDÉRALISTE EUROPÉEN - POUR UNE EUROPE QUI PROTÈGE SES CITOYENS","GERNIGON Yves",789,0.03,0.07
"227","Pays de la Loire",13,"PARTI FED. EUROPÉEN","PARTI FÉDÉRALISTE EUROPÉEN - POUR UNE EUROPE QUI PROTÈGE SES CITOYENS","GERNIGON Yves",790,0.03,0.06
"228","Provence-Alpes-Côte d'Azur",13,"PARTI FED. EUROPÉEN","PARTI FÉDÉRALISTE EUROPÉEN - POUR UNE EUROPE QUI PROTÈGE SES CITOYENS","GERNIGON Yves",754,0.02,0.04
"229","Corse",13,"PARTI FED. EUROPÉEN","PARTI FÉDÉRALISTE EUROPÉEN - POUR UNE EUROPE QUI PROTÈGE SES CITOYENS","GERNIGON Yves",58,0.02,0.07
"230","Guadeloupe",13,"PARTI FED. EUROPÉEN","PARTI FÉDÉRALISTE EUROPÉEN - POUR UNE EUROPE QUI PROTÈGE SES CITOYENS","GERNIGON Yves",8,0,0.02
"231","Martinique",13,"PARTI FED. EUROPÉEN","PARTI FÉDÉRALISTE EUROPÉEN - POUR UNE EUROPE QUI PROTÈGE SES CITOYENS","GERNIGON Yves",0,0,0
"232","Guyane",13,"PARTI FED. EUROPÉEN","PARTI FÉDÉRALISTE EUROPÉEN - POUR UNE EUROPE QUI PROTÈGE SES CITOYENS","GERNIGON Yves",4,0,0.03
"233","La Réunion",13,"PARTI FED. EUROPÉEN","PARTI FÉDÉRALISTE EUROPÉEN - POUR UNE EUROPE QUI PROTÈGE SES CITOYENS","GERNIGON Yves",28,0,0.02
"234","Mayotte",13,"PARTI FED. EUROPÉEN","PARTI FÉDÉRALISTE EUROPÉEN - POUR UNE EUROPE QUI PROTÈGE SES CITOYENS","GERNIGON Yves",9,0.01,0.04
"235","Grand Est",14,"INITIATIVE CITOYENNE","MOUVEMENT POUR L'INITIATIVE CITOYENNE","HELGEN Gilles",361,0.01,0.02
"236","Nouvelle-Aquitaine",14,"INITIATIVE CITOYENNE","MOUVEMENT POUR L'INITIATIVE CITOYENNE","HELGEN Gilles",418,0.01,0.02
"237","Auvergne-Rhône-Alpes",14,"INITIATIVE CITOYENNE","MOUVEMENT POUR L'INITIATIVE CITOYENNE","HELGEN Gilles",668,0.01,0.03
"238","Bourgogne-Franche-Comté",14,"INITIATIVE CITOYENNE","MOUVEMENT POUR L'INITIATIVE CITOYENNE","HELGEN Gilles",598,0.03,0.06
"239","Bretagne",14,"INITIATIVE CITOYENNE","MOUVEMENT POUR L'INITIATIVE CITOYENNE","HELGEN Gilles",535,0.02,0.04
"240","Centre-Val de Loire",14,"INITIATIVE CITOYENNE","MOUVEMENT POUR L'INITIATIVE CITOYENNE","HELGEN Gilles",196,0.01,0.02
"241","Île-de-France",14,"INITIATIVE CITOYENNE","MOUVEMENT POUR L'INITIATIVE CITOYENNE","HELGEN Gilles",973,0.01,0.03
"242","Occitanie",14,"INITIATIVE CITOYENNE","MOUVEMENT POUR L'INITIATIVE CITOYENNE","HELGEN Gilles",334,0.01,0.02
"243","Hauts-de-France",14,"INITIATIVE CITOYENNE","MOUVEMENT POUR L'INITIATIVE CITOYENNE","HELGEN Gilles",699,0.02,0.03
"244","Normandie",14,"INITIATIVE CITOYENNE","MOUVEMENT POUR L'INITIATIVE CITOYENNE","HELGEN Gilles",229,0.01,0.02
"245","Pays de la Loire",14,"INITIATIVE CITOYENNE","MOUVEMENT POUR L'INITIATIVE CITOYENNE","HELGEN Gilles",366,0.01,0.03
"246","Provence-Alpes-Côte d'Azur",14,"INITIATIVE CITOYENNE","MOUVEMENT POUR L'INITIATIVE CITOYENNE","HELGEN Gilles",395,0.01,0.02
"247","Corse",14,"INITIATIVE CITOYENNE","MOUVEMENT POUR L'INITIATIVE CITOYENNE","HELGEN Gilles",5,0,0.01
"248","Guadeloupe",14,"INITIATIVE CITOYENNE","MOUVEMENT POUR L'INITIATIVE CITOYENNE","HELGEN Gilles",7,0,0.02
"249","Martinique",14,"INITIATIVE CITOYENNE","MOUVEMENT POUR L'INITIATIVE CITOYENNE","HELGEN Gilles",3,0,0.01
"250","Guyane",14,"INITIATIVE CITOYENNE","MOUVEMENT POUR L'INITIATIVE CITOYENNE","HELGEN Gilles",0,0,0
"251","La Réunion",14,"INITIATIVE CITOYENNE","MOUVEMENT POUR L'INITIATIVE CITOYENNE","HELGEN Gilles",35,0.01,0.02
"252","Mayotte",14,"INITIATIVE CITOYENNE","MOUVEMENT POUR L'INITIATIVE CITOYENNE","HELGEN Gilles",10,0.01,0.05
"253","Grand Est",15,"DEBOUT LA FRANCE","LE COURAGE DE DÉFENDRE LES FRANÇAIS AVEC NICOLAS DUPONT-AIGNAN. DEBOUT LA FRANCE ! - CNIP","DUPONT-AIGNAN Nicolas",88141,2.29,4.75
"254","Nouvelle-Aquitaine",15,"DEBOUT LA FRANCE","LE COURAGE DE DÉFENDRE LES FRANÇAIS AVEC NICOLAS DUPONT-AIGNAN. DEBOUT LA FRANCE ! - CNIP","DUPONT-AIGNAN Nicolas",72639,1.68,3.27
"255","Auvergne-Rhône-Alpes",15,"DEBOUT LA FRANCE","LE COURAGE DE DÉFENDRE LES FRANÇAIS AVEC NICOLAS DUPONT-AIGNAN. DEBOUT LA FRANCE ! - CNIP","DUPONT-AIGNAN Nicolas",89953,1.68,3.38
"256","Bourgogne-Franche-Comté",15,"DEBOUT LA FRANCE","LE COURAGE DE DÉFENDRE LES FRANÇAIS AVEC NICOLAS DUPONT-AIGNAN. DEBOUT LA FRANCE ! - CNIP","DUPONT-AIGNAN Nicolas",42420,2.15,4.27
"257","Bretagne",15,"DEBOUT LA FRANCE","LE COURAGE DE DÉFENDRE LES FRANÇAIS AVEC NICOLAS DUPONT-AIGNAN. DEBOUT LA FRANCE ! - CNIP","DUPONT-AIGNAN Nicolas",38751,1.58,3.01
"258","Centre-Val de Loire",15,"DEBOUT LA FRANCE","LE COURAGE DE DÉFENDRE LES FRANÇAIS AVEC NICOLAS DUPONT-AIGNAN. DEBOUT LA FRANCE ! - CNIP","DUPONT-AIGNAN Nicolas",40069,2.21,4.44
"259","Île-de-France",15,"DEBOUT LA FRANCE","LE COURAGE DE DÉFENDRE LES FRANÇAIS AVEC NICOLAS DUPONT-AIGNAN. DEBOUT LA FRANCE ! - CNIP","DUPONT-AIGNAN Nicolas",101347,1.41,2.87
"260","Occitanie",15,"DEBOUT LA FRANCE","LE COURAGE DE DÉFENDRE LES FRANÇAIS AVEC NICOLAS DUPONT-AIGNAN. DEBOUT LA FRANCE ! - CNIP","DUPONT-AIGNAN Nicolas",69726,1.67,3.19
"261","Hauts-de-France",15,"DEBOUT LA FRANCE","LE COURAGE DE DÉFENDRE LES FRANÇAIS AVEC NICOLAS DUPONT-AIGNAN. DEBOUT LA FRANCE ! - CNIP","DUPONT-AIGNAN Nicolas",77627,1.84,3.77
"262","Normandie",15,"DEBOUT LA FRANCE","LE COURAGE DE DÉFENDRE LES FRANÇAIS AVEC NICOLAS DUPONT-AIGNAN. DEBOUT LA FRANCE ! - CNIP","DUPONT-AIGNAN Nicolas",49948,2.11,4.12
"263","Pays de la Loire",15,"DEBOUT LA FRANCE","LE COURAGE DE DÉFENDRE LES FRANÇAIS AVEC NICOLAS DUPONT-AIGNAN. DEBOUT LA FRANCE ! - CNIP","DUPONT-AIGNAN Nicolas",49632,1.82,3.7
"264","Provence-Alpes-Côte d'Azur",15,"DEBOUT LA FRANCE","LE COURAGE DE DÉFENDRE LES FRANÇAIS AVEC NICOLAS DUPONT-AIGNAN. DEBOUT LA FRANCE ! - CNIP","DUPONT-AIGNAN Nicolas",60628,1.71,3.54
"265","Corse",15,"DEBOUT LA FRANCE","LE COURAGE DE DÉFENDRE LES FRANÇAIS AVEC NICOLAS DUPONT-AIGNAN. DEBOUT LA FRANCE ! - CNIP","DUPONT-AIGNAN Nicolas",1836,0.79,2.14
"266","Guadeloupe",15,"DEBOUT LA FRANCE","LE COURAGE DE DÉFENDRE LES FRANÇAIS AVEC NICOLAS DUPONT-AIGNAN. DEBOUT LA FRANCE ! - CNIP","DUPONT-AIGNAN Nicolas",978,0.32,2.56
"267","Martinique",15,"DEBOUT LA FRANCE","LE COURAGE DE DÉFENDRE LES FRANÇAIS AVEC NICOLAS DUPONT-AIGNAN. DEBOUT LA FRANCE ! - CNIP","DUPONT-AIGNAN Nicolas",891,0.3,2.26
"268","Guyane",15,"DEBOUT LA FRANCE","LE COURAGE DE DÉFENDRE LES FRANÇAIS AVEC NICOLAS DUPONT-AIGNAN. DEBOUT LA FRANCE ! - CNIP","DUPONT-AIGNAN Nicolas",214,0.23,1.86
"269","La Réunion",15,"DEBOUT LA FRANCE","LE COURAGE DE DÉFENDRE LES FRANÇAIS AVEC NICOLAS DUPONT-AIGNAN. DEBOUT LA FRANCE ! - CNIP","DUPONT-AIGNAN Nicolas",4357,0.68,2.42
"270","Mayotte",15,"DEBOUT LA FRANCE","LE COURAGE DE DÉFENDRE LES FRANÇAIS AVEC NICOLAS DUPONT-AIGNAN. DEBOUT LA FRANCE ! - CNIP","DUPONT-AIGNAN Nicolas",578,0.74,2.74
"271","Grand Est",16,"ALLONS ENFANTS","ALLONS ENFANTS","CAILLAUD Sophie",539,0.01,0.03
"272","Nouvelle-Aquitaine",16,"ALLONS ENFANTS","ALLONS ENFANTS","CAILLAUD Sophie",617,0.01,0.03
"273","Auvergne-Rhône-Alpes",16,"ALLONS ENFANTS","ALLONS ENFANTS","CAILLAUD Sophie",711,0.01,0.03
"274","Bourgogne-Franche-Comté",16,"ALLONS ENFANTS","ALLONS ENFANTS","CAILLAUD Sophie",266,0.01,0.03
"275","Bretagne",16,"ALLONS ENFANTS","ALLONS ENFANTS","CAILLAUD Sophie",468,0.02,0.04
"276","Centre-Val de Loire",16,"ALLONS ENFANTS","ALLONS ENFANTS","CAILLAUD Sophie",316,0.02,0.04
"277","Île-de-France",16,"ALLONS ENFANTS","ALLONS ENFANTS","CAILLAUD Sophie",2203,0.03,0.06
"278","Occitanie",16,"ALLONS ENFANTS","ALLONS ENFANTS","CAILLAUD Sophie",706,0.02,0.03
"279","Hauts-de-France",16,"ALLONS ENFANTS","ALLONS ENFANTS","CAILLAUD Sophie",592,0.01,0.03
"280","Normandie",16,"ALLONS ENFANTS","ALLONS ENFANTS","CAILLAUD Sophie",345,0.01,0.03
"281","Pays de la Loire",16,"ALLONS ENFANTS","ALLONS ENFANTS","CAILLAUD Sophie",742,0.03,0.06
"282","Provence-Alpes-Côte d'Azur",16,"ALLONS ENFANTS","ALLONS ENFANTS","CAILLAUD Sophie",439,0.01,0.03
"283","Corse",16,"ALLONS ENFANTS","ALLONS ENFANTS","CAILLAUD Sophie",4,0,0
"284","Guadeloupe",16,"ALLONS ENFANTS","ALLONS ENFANTS","CAILLAUD Sophie",12,0,0.03
"285","Martinique",16,"ALLONS ENFANTS","ALLONS ENFANTS","CAILLAUD Sophie",12,0,0.03
"286","Guyane",16,"ALLONS ENFANTS","ALLONS ENFANTS","CAILLAUD Sophie",4,0,0.03
"287","La Réunion",16,"ALLONS ENFANTS","ALLONS ENFANTS","CAILLAUD Sophie",34,0.01,0.02
"288","Mayotte",16,"ALLONS ENFANTS","ALLONS ENFANTS","CAILLAUD Sophie",6,0.01,0.03
"289","Grand Est",17,"DÉCROISSANCE 2019","DÉCROISSANCE 2019","DELFEL Thérèse",831,0.02,0.04
"290","Nouvelle-Aquitaine",17,"DÉCROISSANCE 2019","DÉCROISSANCE 2019","DELFEL Thérèse",964,0.02,0.04
"291","Auvergne-Rhône-Alpes",17,"DÉCROISSANCE 2019","DÉCROISSANCE 2019","DELFEL Thérèse",1457,0.03,0.05
"292","Bourgogne-Franche-Comté",17,"DÉCROISSANCE 2019","DÉCROISSANCE 2019","DELFEL Thérèse",583,0.03,0.06
"293","Bretagne",17,"DÉCROISSANCE 2019","DÉCROISSANCE 2019","DELFEL Thérèse",800,0.03,0.06
"294","Centre-Val de Loire",17,"DÉCROISSANCE 2019","DÉCROISSANCE 2019","DELFEL Thérèse",354,0.02,0.04
"295","Île-de-France",17,"DÉCROISSANCE 2019","DÉCROISSANCE 2019","DELFEL Thérèse",1462,0.02,0.04
"296","Occitanie",17,"DÉCROISSANCE 2019","DÉCROISSANCE 2019","DELFEL Thérèse",1212,0.03,0.06
"297","Hauts-de-France",17,"DÉCROISSANCE 2019","DÉCROISSANCE 2019","DELFEL Thérèse",584,0.01,0.03
"298","Normandie",17,"DÉCROISSANCE 2019","DÉCROISSANCE 2019","DELFEL Thérèse",465,0.02,0.04
"299","Pays de la Loire",17,"DÉCROISSANCE 2019","DÉCROISSANCE 2019","DELFEL Thérèse",773,0.03,0.06
"300","Provence-Alpes-Côte d'Azur",17,"DÉCROISSANCE 2019","DÉCROISSANCE 2019","DELFEL Thérèse",630,0.02,0.04
"301","Corse",17,"DÉCROISSANCE 2019","DÉCROISSANCE 2019","DELFEL Thérèse",26,0.01,0.03
"302","Guadeloupe",17,"DÉCROISSANCE 2019","DÉCROISSANCE 2019","DELFEL Thérèse",13,0,0.03
"303","Martinique",17,"DÉCROISSANCE 2019","DÉCROISSANCE 2019","DELFEL Thérèse",49,0.02,0.12
"304","Guyane",17,"DÉCROISSANCE 2019","DÉCROISSANCE 2019","DELFEL Thérèse",9,0.01,0.08
"305","La Réunion",17,"DÉCROISSANCE 2019","DÉCROISSANCE 2019","DELFEL Thérèse",52,0.01,0.03
"306","Mayotte",17,"DÉCROISSANCE 2019","DÉCROISSANCE 2019","DELFEL Thérèse",0,0,0
"307","Grand Est",18,"LUTTE OUVRIÈRE","LUTTE OUVRIÈRE - CONTRE LE GRAND CAPITAL. LE CAMP DES TRAVAILLEURS","ARTHAUD Nathalie",15539,0.4,0.84
"308","Nouvelle-Aquitaine",18,"LUTTE OUVRIÈRE","LUTTE OUVRIÈRE - CONTRE LE GRAND CAPITAL. LE CAMP DES TRAVAILLEURS","ARTHAUD Nathalie",19459,0.45,0.88
"309","Auvergne-Rhône-Alpes",18,"LUTTE OUVRIÈRE","LUTTE OUVRIÈRE - CONTRE LE GRAND CAPITAL. LE CAMP DES TRAVAILLEURS","ARTHAUD Nathalie",18190,0.34,0.68
"310","Bourgogne-Franche-Comté",18,"LUTTE OUVRIÈRE","LUTTE OUVRIÈRE - CONTRE LE GRAND CAPITAL. LE CAMP DES TRAVAILLEURS","ARTHAUD Nathalie",8918,0.45,0.9
"311","Bretagne",18,"LUTTE OUVRIÈRE","LUTTE OUVRIÈRE - CONTRE LE GRAND CAPITAL. LE CAMP DES TRAVAILLEURS","ARTHAUD Nathalie",12088,0.49,0.94
"312","Centre-Val de Loire",18,"LUTTE OUVRIÈRE","LUTTE OUVRIÈRE - CONTRE LE GRAND CAPITAL. LE CAMP DES TRAVAILLEURS","ARTHAUD Nathalie",7141,0.39,0.79
"313","Île-de-France",18,"LUTTE OUVRIÈRE","LUTTE OUVRIÈRE - CONTRE LE GRAND CAPITAL. LE CAMP DES TRAVAILLEURS","ARTHAUD Nathalie",19588,0.27,0.55
"314","Occitanie",18,"LUTTE OUVRIÈRE","LUTTE OUVRIÈRE - CONTRE LE GRAND CAPITAL. LE CAMP DES TRAVAILLEURS","ARTHAUD Nathalie",15279,0.37,0.7
"315","Hauts-de-France",18,"LUTTE OUVRIÈRE","LUTTE OUVRIÈRE - CONTRE LE GRAND CAPITAL. LE CAMP DES TRAVAILLEURS","ARTHAUD Nathalie",19864,0.47,0.96
"316","Normandie",18,"LUTTE OUVRIÈRE","LUTTE OUVRIÈRE - CONTRE LE GRAND CAPITAL. LE CAMP DES TRAVAILLEURS","ARTHAUD Nathalie",11430,0.48,0.94
"317","Pays de la Loire",18,"LUTTE OUVRIÈRE","LUTTE OUVRIÈRE - CONTRE LE GRAND CAPITAL. LE CAMP DES TRAVAILLEURS","ARTHAUD Nathalie",12640,0.46,0.94
"318","Provence-Alpes-Côte d'Azur",18,"LUTTE OUVRIÈRE","LUTTE OUVRIÈRE - CONTRE LE GRAND CAPITAL. LE CAMP DES TRAVAILLEURS","ARTHAUD Nathalie",7390,0.21,0.43
"319","Corse",18,"LUTTE OUVRIÈRE","LUTTE OUVRIÈRE - CONTRE LE GRAND CAPITAL. LE CAMP DES TRAVAILLEURS","ARTHAUD Nathalie",354,0.15,0.41
"320","Guadeloupe",18,"LUTTE OUVRIÈRE","LUTTE OUVRIÈRE - CONTRE LE GRAND CAPITAL. LE CAMP DES TRAVAILLEURS","ARTHAUD Nathalie",1714,0.56,4.48
"321","Martinique",18,"LUTTE OUVRIÈRE","LUTTE OUVRIÈRE - CONTRE LE GRAND CAPITAL. LE CAMP DES TRAVAILLEURS","ARTHAUD Nathalie",2635,0.87,6.69
"322","Guyane",18,"LUTTE OUVRIÈRE","LUTTE OUVRIÈRE - CONTRE LE GRAND CAPITAL. LE CAMP DES TRAVAILLEURS","ARTHAUD Nathalie",211,0.23,1.83
"323","La Réunion",18,"LUTTE OUVRIÈRE","LUTTE OUVRIÈRE - CONTRE LE GRAND CAPITAL. LE CAMP DES TRAVAILLEURS","ARTHAUD Nathalie",2101,0.33,1.17
"324","Mayotte",18,"LUTTE OUVRIÈRE","LUTTE OUVRIÈRE - CONTRE LE GRAND CAPITAL. LE CAMP DES TRAVAILLEURS","ARTHAUD Nathalie",130,0.17,0.62
"325","Grand Est",19,"POUR L'EUROPE DES GENS","POUR L'EUROPE DES GENS CONTRE L'EUROPE DE L'ARGENT","BROSSAT Ian",29247,0.76,1.57
"326","Nouvelle-Aquitaine",19,"POUR L'EUROPE DES GENS","POUR L'EUROPE DES GENS CONTRE L'EUROPE DE L'ARGENT","BROSSAT Ian",58192,1.35,2.62
"327","Auvergne-Rhône-Alpes",19,"POUR L'EUROPE DES GENS","POUR L'EUROPE DES GENS CONTRE L'EUROPE DE L'ARGENT","BROSSAT Ian",66437,1.24,2.49
"328","Bourgogne-Franche-Comté",19,"POUR L'EUROPE DES GENS","POUR L'EUROPE DES GENS CONTRE L'EUROPE DE L'ARGENT","BROSSAT Ian",20439,1.04,2.06
"329","Bretagne",19,"POUR L'EUROPE DES GENS","POUR L'EUROPE DES GENS CONTRE L'EUROPE DE L'ARGENT","BROSSAT Ian",28623,1.17,2.22
"330","Centre-Val de Loire",19,"POUR L'EUROPE DES GENS","POUR L'EUROPE DES GENS CONTRE L'EUROPE DE L'ARGENT","BROSSAT Ian",21638,1.2,2.4
"331","Île-de-France",19,"POUR L'EUROPE DES GENS","POUR L'EUROPE DES GENS CONTRE L'EUROPE DE L'ARGENT","BROSSAT Ian",104875,1.46,2.97
"332","Occitanie",19,"POUR L'EUROPE DES GENS","POUR L'EUROPE DES GENS CONTRE L'EUROPE DE L'ARGENT","BROSSAT Ian",62406,1.49,2.85
"333","Hauts-de-France",19,"POUR L'EUROPE DES GENS","POUR L'EUROPE DES GENS CONTRE L'EUROPE DE L'ARGENT","BROSSAT Ian",57288,1.36,2.78
"334","Normandie",19,"POUR L'EUROPE DES GENS","POUR L'EUROPE DES GENS CONTRE L'EUROPE DE L'ARGENT","BROSSAT Ian",31810,1.34,2.63
"335","Pays de la Loire",19,"POUR L'EUROPE DES GENS","POUR L'EUROPE DES GENS CONTRE L'EUROPE DE L'ARGENT","BROSSAT Ian",24110,0.89,1.8
"336","Provence-Alpes-Côte d'Azur",19,"POUR L'EUROPE DES GENS","POUR L'EUROPE DES GENS CONTRE L'EUROPE DE L'ARGENT","BROSSAT Ian",46776,1.32,2.73
"337","Corse",19,"POUR L'EUROPE DES GENS","POUR L'EUROPE DES GENS CONTRE L'EUROPE DE L'ARGENT","BROSSAT Ian",3324,1.42,3.87
"338","Guadeloupe",19,"POUR L'EUROPE DES GENS","POUR L'EUROPE DES GENS CONTRE L'EUROPE DE L'ARGENT","BROSSAT Ian",488,0.16,1.28
"339","Martinique",19,"POUR L'EUROPE DES GENS","POUR L'EUROPE DES GENS CONTRE L'EUROPE DE L'ARGENT","BROSSAT Ian",976,0.32,2.48
"340","Guyane",19,"POUR L'EUROPE DES GENS","POUR L'EUROPE DES GENS CONTRE L'EUROPE DE L'ARGENT","BROSSAT Ian",203,0.22,1.76
"341","La Réunion",19,"POUR L'EUROPE DES GENS","POUR L'EUROPE DES GENS CONTRE L'EUROPE DE L'ARGENT","BROSSAT Ian",4360,0.68,2.43
"342","Mayotte",19,"POUR L'EUROPE DES GENS","POUR L'EUROPE DES GENS CONTRE L'EUROPE DE L'ARGENT","BROSSAT Ian",200,0.25,0.95
"343","Grand Est",20,"ENSEMBLE POUR LE FREXIT","ENSEMBLE POUR LE FREXIT","ASSELINEAU François",22543,0.59,1.21
"344","Nouvelle-Aquitaine",20,"ENSEMBLE POUR LE FREXIT","ENSEMBLE POUR LE FREXIT","ASSELINEAU François",23810,0.55,1.07
"345","Auvergne-Rhône-Alpes",20,"ENSEMBLE POUR LE FREXIT","ENSEMBLE POUR LE FREXIT","ASSELINEAU François",29897,0.56,1.12
"346","Bourgogne-Franche-Comté",20,"ENSEMBLE POUR LE FREXIT","ENSEMBLE POUR LE FREXIT","ASSELINEAU François",11423,0.58,1.15
"347","Bretagne",20,"ENSEMBLE POUR LE FREXIT","ENSEMBLE POUR LE FREXIT","ASSELINEAU François",12003,0.49,0.93
"348","Centre-Val de Loire",20,"ENSEMBLE POUR LE FREXIT","ENSEMBLE POUR LE FREXIT","ASSELINEAU François",9912,0.55,1.1
"349","Île-de-France",20,"ENSEMBLE POUR LE FREXIT","ENSEMBLE POUR LE FREXIT","ASSELINEAU François",47969,0.67,1.36
"350","Occitanie",20,"ENSEMBLE POUR LE FREXIT","ENSEMBLE POUR LE FREXIT","ASSELINEAU François",26255,0.63,1.2
"351","Hauts-de-France",20,"ENSEMBLE POUR LE FREXIT","ENSEMBLE POUR LE FREXIT","ASSELINEAU François",20863,0.5,1.01
"352","Normandie",20,"ENSEMBLE POUR LE FREXIT","ENSEMBLE POUR LE FREXIT","ASSELINEAU François",11994,0.51,0.99
"353","Pays de la Loire",20,"ENSEMBLE POUR LE FREXIT","ENSEMBLE POUR LE FREXIT","ASSELINEAU François",12336,0.45,0.92
"354","Provence-Alpes-Côte d'Azur",20,"ENSEMBLE POUR LE FREXIT","ENSEMBLE POUR LE FREXIT","ASSELINEAU François",22092,0.62,1.29
"355","Corse",20,"ENSEMBLE POUR LE FREXIT","ENSEMBLE POUR LE FREXIT","ASSELINEAU François",682,0.29,0.79
"356","Guadeloupe",20,"ENSEMBLE POUR LE FREXIT","ENSEMBLE POUR LE FREXIT","ASSELINEAU François",841,0.27,2.2
"357","Martinique",20,"ENSEMBLE POUR LE FREXIT","ENSEMBLE POUR LE FREXIT","ASSELINEAU François",895,0.3,2.27
"358","Guyane",20,"ENSEMBLE POUR LE FREXIT","ENSEMBLE POUR LE FREXIT","ASSELINEAU François",342,0.37,2.97
"359","La Réunion",20,"ENSEMBLE POUR LE FREXIT","ENSEMBLE POUR LE FREXIT","ASSELINEAU François",5002,0.78,2.78
"360","Mayotte",20,"ENSEMBLE POUR LE FREXIT","ENSEMBLE POUR LE FREXIT","ASSELINEAU François",491,0.62,2.33
"361","Grand Est",21,"LISTE CITOYENNE","LISTE CITOYENNE DU PRINTEMPS EUROPÉEN AVEC BENOÎT HAMON SOUTENUE PAR GÉNÉRATION.S ET DÈME-DIEM 25","HAMON Benoît",46922,1.22,2.53
"362","Nouvelle-Aquitaine",21,"LISTE CITOYENNE","LISTE CITOYENNE DU PRINTEMPS EUROPÉEN AVEC BENOÎT HAMON SOUTENUE PAR GÉNÉRATION.S ET DÈME-DIEM 25","HAMON Benoît",80801,1.87,3.63
"363","Auvergne-Rhône-Alpes",21,"LISTE CITOYENNE","LISTE CITOYENNE DU PRINTEMPS EUROPÉEN AVEC BENOÎT HAMON SOUTENUE PAR GÉNÉRATION.S ET DÈME-DIEM 25","HAMON Benoît",82998,1.55,3.12
"364","Bourgogne-Franche-Comté",21,"LISTE CITOYENNE","LISTE CITOYENNE DU PRINTEMPS EUROPÉEN AVEC BENOÎT HAMON SOUTENUE PAR GÉNÉRATION.S ET DÈME-DIEM 25","HAMON Benoît",29127,1.48,2.93
"365","Bretagne",21,"LISTE CITOYENNE","LISTE CITOYENNE DU PRINTEMPS EUROPÉEN AVEC BENOÎT HAMON SOUTENUE PAR GÉNÉRATION.S ET DÈME-DIEM 25","HAMON Benoît",64930,2.64,5.05
"366","Centre-Val de Loire",21,"LISTE CITOYENNE","LISTE CITOYENNE DU PRINTEMPS EUROPÉEN AVEC BENOÎT HAMON SOUTENUE PAR GÉNÉRATION.S ET DÈME-DIEM 25","HAMON Benoît",26921,1.49,2.98
"367","Île-de-France",21,"LISTE CITOYENNE","LISTE CITOYENNE DU PRINTEMPS EUROPÉEN AVEC BENOÎT HAMON SOUTENUE PAR GÉNÉRATION.S ET DÈME-DIEM 25","HAMON Benoît",137930,1.92,3.9
"368","Occitanie",21,"LISTE CITOYENNE","LISTE CITOYENNE DU PRINTEMPS EUROPÉEN AVEC BENOÎT HAMON SOUTENUE PAR GÉNÉRATION.S ET DÈME-DIEM 25","HAMON Benoît",72757,1.74,3.33
"369","Hauts-de-France",21,"LISTE CITOYENNE","LISTE CITOYENNE DU PRINTEMPS EUROPÉEN AVEC BENOÎT HAMON SOUTENUE PAR GÉNÉRATION.S ET DÈME-DIEM 25","HAMON Benoît",54404,1.29,2.64
"370","Normandie",21,"LISTE CITOYENNE","LISTE CITOYENNE DU PRINTEMPS EUROPÉEN AVEC BENOÎT HAMON SOUTENUE PAR GÉNÉRATION.S ET DÈME-DIEM 25","HAMON Benoît",40231,1.7,3.32
"371","Pays de la Loire",21,"LISTE CITOYENNE","LISTE CITOYENNE DU PRINTEMPS EUROPÉEN AVEC BENOÎT HAMON SOUTENUE PAR GÉNÉRATION.S ET DÈME-DIEM 25","HAMON Benoît",46670,1.71,3.48
"372","Provence-Alpes-Côte d'Azur",21,"LISTE CITOYENNE","LISTE CITOYENNE DU PRINTEMPS EUROPÉEN AVEC BENOÎT HAMON SOUTENUE PAR GÉNÉRATION.S ET DÈME-DIEM 25","HAMON Benoît",36770,1.04,2.15
"373","Corse",21,"LISTE CITOYENNE","LISTE CITOYENNE DU PRINTEMPS EUROPÉEN AVEC BENOÎT HAMON SOUTENUE PAR GÉNÉRATION.S ET DÈME-DIEM 25","HAMON Benoît",1188,0.51,1.38
"374","Guadeloupe",21,"LISTE CITOYENNE","LISTE CITOYENNE DU PRINTEMPS EUROPÉEN AVEC BENOÎT HAMON SOUTENUE PAR GÉNÉRATION.S ET DÈME-DIEM 25","HAMON Benoît",1566,0.51,4.09
"375","Martinique",21,"LISTE CITOYENNE","LISTE CITOYENNE DU PRINTEMPS EUROPÉEN AVEC BENOÎT HAMON SOUTENUE PAR GÉNÉRATION.S ET DÈME-DIEM 25","HAMON Benoît",1982,0.66,5.04
"376","Guyane",21,"LISTE CITOYENNE","LISTE CITOYENNE DU PRINTEMPS EUROPÉEN AVEC BENOÎT HAMON SOUTENUE PAR GÉNÉRATION.S ET DÈME-DIEM 25","HAMON Benoît",297,0.32,2.58
"377","La Réunion",21,"LISTE CITOYENNE","LISTE CITOYENNE DU PRINTEMPS EUROPÉEN AVEC BENOÎT HAMON SOUTENUE PAR GÉNÉRATION.S ET DÈME-DIEM 25","HAMON Benoît",6630,1.03,3.69
"378","Mayotte",21,"LISTE CITOYENNE","LISTE CITOYENNE DU PRINTEMPS EUROPÉEN AVEC BENOÎT HAMON SOUTENUE PAR GÉNÉRATION.S ET DÈME-DIEM 25","HAMON Benoît",445,0.57,2.11
"379","Grand Est",22,"À VOIX ÉGALES","À VOIX ÉGALES","TOMASINI Nathalie",313,0.01,0.02
"380","Nouvelle-Aquitaine",22,"À VOIX ÉGALES","À VOIX ÉGALES","TOMASINI Nathalie",422,0.01,0.02
"381","Auvergne-Rhône-Alpes",22,"À VOIX ÉGALES","À VOIX ÉGALES","TOMASINI Nathalie",439,0.01,0.02
"382","Bourgogne-Franche-Comté",22,"À VOIX ÉGALES","À VOIX ÉGALES","TOMASINI Nathalie",159,0.01,0.02
"383","Bretagne",22,"À VOIX ÉGALES","À VOIX ÉGALES","TOMASINI Nathalie",354,0.01,0.03
"384","Centre-Val de Loire",22,"À VOIX ÉGALES","À VOIX ÉGALES","TOMASINI Nathalie",159,0.01,0.02
"385","Île-de-France",22,"À VOIX ÉGALES","À VOIX ÉGALES","TOMASINI Nathalie",3081,0.04,0.09
"386","Occitanie",22,"À VOIX ÉGALES","À VOIX ÉGALES","TOMASINI Nathalie",274,0.01,0.01
"387","Hauts-de-France",22,"À VOIX ÉGALES","À VOIX ÉGALES","TOMASINI Nathalie",879,0.02,0.04
"388","Normandie",22,"À VOIX ÉGALES","À VOIX ÉGALES","TOMASINI Nathalie",926,0.04,0.08
"389","Pays de la Loire",22,"À VOIX ÉGALES","À VOIX ÉGALES","TOMASINI Nathalie",358,0.01,0.03
"390","Provence-Alpes-Côte d'Azur",22,"À VOIX ÉGALES","À VOIX ÉGALES","TOMASINI Nathalie",320,0.01,0.02
"391","Corse",22,"À VOIX ÉGALES","À VOIX ÉGALES","TOMASINI Nathalie",15,0.01,0.02
"392","Guadeloupe",22,"À VOIX ÉGALES","À VOIX ÉGALES","TOMASINI Nathalie",17,0.01,0.04
"393","Martinique",22,"À VOIX ÉGALES","À VOIX ÉGALES","TOMASINI Nathalie",36,0.01,0.09
"394","Guyane",22,"À VOIX ÉGALES","À VOIX ÉGALES","TOMASINI Nathalie",3,0,0.03
"395","La Réunion",22,"À VOIX ÉGALES","À VOIX ÉGALES","TOMASINI Nathalie",36,0.01,0.02
"396","Mayotte",22,"À VOIX ÉGALES","À VOIX ÉGALES","TOMASINI Nathalie",2,0,0.01
"397","Grand Est",23,"PRENEZ LE POUVOIR","PRENEZ LE POUVOIR. LISTE SOUTENUE PAR MARINE LE PEN","BARDELLA Jordan",524547,13.61,28.24
"398","Nouvelle-Aquitaine",23,"PRENEZ LE POUVOIR","PRENEZ LE POUVOIR. LISTE SOUTENUE PAR MARINE LE PEN","BARDELLA Jordan",496762,11.49,22.35
"399","Auvergne-Rhône-Alpes",23,"PRENEZ LE POUVOIR","PRENEZ LE POUVOIR. LISTE SOUTENUE PAR MARINE LE PEN","BARDELLA Jordan",559042,10.43,20.99
"400","Bourgogne-Franche-Comté",23,"PRENEZ LE POUVOIR","PRENEZ LE POUVOIR. LISTE SOUTENUE PAR MARINE LE PEN","BARDELLA Jordan",260629,13.22,26.26
"401","Bretagne",23,"PRENEZ LE POUVOIR","PRENEZ LE POUVOIR. LISTE SOUTENUE PAR MARINE LE PEN","BARDELLA Jordan",222914,9.08,17.32
"402","Centre-Val de Loire",23,"PRENEZ LE POUVOIR","PRENEZ LE POUVOIR. LISTE SOUTENUE PAR MARINE LE PEN","BARDELLA Jordan",229559,12.69,25.44
"403","Île-de-France",23,"PRENEZ LE POUVOIR","PRENEZ LE POUVOIR. LISTE SOUTENUE PAR MARINE LE PEN","BARDELLA Jordan",499589,6.95,14.13
"404","Occitanie",23,"PRENEZ LE POUVOIR","PRENEZ LE POUVOIR. LISTE SOUTENUE PAR MARINE LE PEN","BARDELLA Jordan",562721,13.45,25.74
"405","Hauts-de-France",23,"PRENEZ LE POUVOIR","PRENEZ LE POUVOIR. LISTE SOUTENUE PAR MARINE LE PEN","BARDELLA Jordan",691371,16.42,33.55
"406","Normandie",23,"PRENEZ LE POUVOIR","PRENEZ LE POUVOIR. LISTE SOUTENUE PAR MARINE LE PEN","BARDELLA Jordan",322381,13.6,26.61
"407","Pays de la Loire",23,"PRENEZ LE POUVOIR","PRENEZ LE POUVOIR. LISTE SOUTENUE PAR MARINE LE PEN","BARDELLA Jordan",252548,9.27,18.82
"408","Provence-Alpes-Côte d'Azur",23,"PRENEZ LE POUVOIR","PRENEZ LE POUVOIR. LISTE SOUTENUE PAR MARINE LE PEN","BARDELLA Jordan",521969,14.71,30.52
"409","Corse",23,"PRENEZ LE POUVOIR","PRENEZ LE POUVOIR. LISTE SOUTENUE PAR MARINE LE PEN","BARDELLA Jordan",24063,10.31,28.01
"410","Guadeloupe",23,"PRENEZ LE POUVOIR","PRENEZ LE POUVOIR. LISTE SOUTENUE PAR MARINE LE PEN","BARDELLA Jordan",9072,2.95,23.71
"411","Martinique",23,"PRENEZ LE POUVOIR","PRENEZ LE POUVOIR. LISTE SOUTENUE PAR MARINE LE PEN","BARDELLA Jordan",6418,2.13,16.31
"412","Guyane",23,"PRENEZ LE POUVOIR","PRENEZ LE POUVOIR. LISTE SOUTENUE PAR MARINE LE PEN","BARDELLA Jordan",3165,3.4,27.47
"413","La Réunion",23,"PRENEZ LE POUVOIR","PRENEZ LE POUVOIR. LISTE SOUTENUE PAR MARINE LE PEN","BARDELLA Jordan",56143,8.72,31.24
"414","Mayotte",23,"PRENEZ LE POUVOIR","PRENEZ LE POUVOIR. LISTE SOUTENUE PAR MARINE LE PEN","BARDELLA Jordan",9717,12.36,46.12
"415","Grand Est",24,"NEUTRE ET ACTIF","NEUTRE ET ACTIF","CORBET Cathy Denise Ginette",79,0,0
"416","Nouvelle-Aquitaine",24,"NEUTRE ET ACTIF","NEUTRE ET ACTIF","CORBET Cathy Denise Ginette",49,0,0
"417","Auvergne-Rhône-Alpes",24,"NEUTRE ET ACTIF","NEUTRE ET ACTIF","CORBET Cathy Denise Ginette",73,0,0
"418","Bourgogne-Franche-Comté",24,"NEUTRE ET ACTIF","NEUTRE ET ACTIF","CORBET Cathy Denise Ginette",36,0,0
"419","Bretagne",24,"NEUTRE ET ACTIF","NEUTRE ET ACTIF","CORBET Cathy Denise Ginette",132,0.01,0.01
"420","Centre-Val de Loire",24,"NEUTRE ET ACTIF","NEUTRE ET ACTIF","CORBET Cathy Denise Ginette",33,0,0
"421","Île-de-France",24,"NEUTRE ET ACTIF","NEUTRE ET ACTIF","CORBET Cathy Denise Ginette",412,0.01,0.01
"422","Occitanie",24,"NEUTRE ET ACTIF","NEUTRE ET ACTIF","CORBET Cathy Denise Ginette",40,0,0
"423","Hauts-de-France",24,"NEUTRE ET ACTIF","NEUTRE ET ACTIF","CORBET Cathy Denise Ginette",136,0,0.01
"424","Normandie",24,"NEUTRE ET ACTIF","NEUTRE ET ACTIF","CORBET Cathy Denise Ginette",87,0,0.01
"425","Pays de la Loire",24,"NEUTRE ET ACTIF","NEUTRE ET ACTIF","CORBET Cathy Denise Ginette",114,0,0.01
"426","Provence-Alpes-Côte d'Azur",24,"NEUTRE ET ACTIF","NEUTRE ET ACTIF","CORBET Cathy Denise Ginette",101,0,0.01
"427","Corse",24,"NEUTRE ET ACTIF","NEUTRE ET ACTIF","CORBET Cathy Denise Ginette",3,0,0
"428","Guadeloupe",24,"NEUTRE ET ACTIF","NEUTRE ET ACTIF","CORBET Cathy Denise Ginette",1,0,0
"429","Martinique",24,"NEUTRE ET ACTIF","NEUTRE ET ACTIF","CORBET Cathy Denise Ginette",0,0,0
"430","Guyane",24,"NEUTRE ET ACTIF","NEUTRE ET ACTIF","CORBET Cathy Denise Ginette",1,0,0.01
"431","La Réunion",24,"NEUTRE ET ACTIF","NEUTRE ET ACTIF","CORBET Cathy Denise Ginette",17,0,0.01
"432","Mayotte",24,"NEUTRE ET ACTIF","NEUTRE ET ACTIF","CORBET Cathy Denise Ginette",0,0,0
"433","Grand Est",25,"RÉVOLUTIONNAIRE","PARTI RÉVOLUTIONNAIRE COMMUNISTES","SANCHEZ Antonio",51,0,0
"434","Nouvelle-Aquitaine",25,"RÉVOLUTIONNAIRE","PARTI RÉVOLUTIONNAIRE COMMUNISTES","SANCHEZ Antonio",36,0,0
"435","Auvergne-Rhône-Alpes",25,"RÉVOLUTIONNAIRE","PARTI RÉVOLUTIONNAIRE COMMUNISTES","SANCHEZ Antonio",67,0,0
"436","Bourgogne-Franche-Comté",25,"RÉVOLUTIONNAIRE","PARTI RÉVOLUTIONNAIRE COMMUNISTES","SANCHEZ Antonio",70,0,0.01
"437","Bretagne",25,"RÉVOLUTIONNAIRE","PARTI RÉVOLUTIONNAIRE COMMUNISTES","SANCHEZ Antonio",121,0,0.01
"438","Centre-Val de Loire",25,"RÉVOLUTIONNAIRE","PARTI RÉVOLUTIONNAIRE COMMUNISTES","SANCHEZ Antonio",93,0.01,0.01
"439","Île-de-France",25,"RÉVOLUTIONNAIRE","PARTI RÉVOLUTIONNAIRE COMMUNISTES","SANCHEZ Antonio",360,0.01,0.01
"440","Occitanie",25,"RÉVOLUTIONNAIRE","PARTI RÉVOLUTIONNAIRE COMMUNISTES","SANCHEZ Antonio",47,0,0
"441","Hauts-de-France",25,"RÉVOLUTIONNAIRE","PARTI RÉVOLUTIONNAIRE COMMUNISTES","SANCHEZ Antonio",48,0,0
"442","Normandie",25,"RÉVOLUTIONNAIRE","PARTI RÉVOLUTIONNAIRE COMMUNISTES","SANCHEZ Antonio",215,0.01,0.02
"443","Pays de la Loire",25,"RÉVOLUTIONNAIRE","PARTI RÉVOLUTIONNAIRE COMMUNISTES","SANCHEZ Antonio",177,0.01,0.01
"444","Provence-Alpes-Côte d'Azur",25,"RÉVOLUTIONNAIRE","PARTI RÉVOLUTIONNAIRE COMMUNISTES","SANCHEZ Antonio",69,0,0
"445","Corse",25,"RÉVOLUTIONNAIRE","PARTI RÉVOLUTIONNAIRE COMMUNISTES","SANCHEZ Antonio",0,0,0
"446","Guadeloupe",25,"RÉVOLUTIONNAIRE","PARTI RÉVOLUTIONNAIRE COMMUNISTES","SANCHEZ Antonio",0,0,0
"447","Martinique",25,"RÉVOLUTIONNAIRE","PARTI RÉVOLUTIONNAIRE COMMUNISTES","SANCHEZ Antonio",2,0,0.01
"448","Guyane",25,"RÉVOLUTIONNAIRE","PARTI RÉVOLUTIONNAIRE COMMUNISTES","SANCHEZ Antonio",0,0,0
"449","La Réunion",25,"RÉVOLUTIONNAIRE","PARTI RÉVOLUTIONNAIRE COMMUNISTES","SANCHEZ Antonio",9,0,0.01
"450","Mayotte",25,"RÉVOLUTIONNAIRE","PARTI RÉVOLUTIONNAIRE COMMUNISTES","SANCHEZ Antonio",0,0,0
"451","Grand Est",26,"ESPERANTO","ESPÉRANTO - LANGUE COMMUNE ÉQUITABLE POUR L'EUROPE","DIEUMEGARD Pierre",1520,0.04,0.08
"452","Nouvelle-Aquitaine",26,"ESPERANTO","ESPÉRANTO - LANGUE COMMUNE ÉQUITABLE POUR L'EUROPE","DIEUMEGARD Pierre",2384,0.06,0.11
"453","Auvergne-Rhône-Alpes",26,"ESPERANTO","ESPÉRANTO - LANGUE COMMUNE ÉQUITABLE POUR L'EUROPE","DIEUMEGARD Pierre",2206,0.04,0.08
"454","Bourgogne-Franche-Comté",26,"ESPERANTO","ESPÉRANTO - LANGUE COMMUNE ÉQUITABLE POUR L'EUROPE","DIEUMEGARD Pierre",856,0.04,0.09
"455","Bretagne",26,"ESPERANTO","ESPÉRANTO - LANGUE COMMUNE ÉQUITABLE POUR L'EUROPE","DIEUMEGARD Pierre",1033,0.04,0.08
"456","Centre-Val de Loire",26,"ESPERANTO","ESPÉRANTO - LANGUE COMMUNE ÉQUITABLE POUR L'EUROPE","DIEUMEGARD Pierre",930,0.05,0.1
"457","Île-de-France",26,"ESPERANTO","ESPÉRANTO - LANGUE COMMUNE ÉQUITABLE POUR L'EUROPE","DIEUMEGARD Pierre",2179,0.03,0.06
"458","Occitanie",26,"ESPERANTO","ESPÉRANTO - LANGUE COMMUNE ÉQUITABLE POUR L'EUROPE","DIEUMEGARD Pierre",1883,0.05,0.09
"459","Hauts-de-France",26,"ESPERANTO","ESPÉRANTO - LANGUE COMMUNE ÉQUITABLE POUR L'EUROPE","DIEUMEGARD Pierre",1736,0.04,0.08
"460","Normandie",26,"ESPERANTO","ESPÉRANTO - LANGUE COMMUNE ÉQUITABLE POUR L'EUROPE","DIEUMEGARD Pierre",977,0.04,0.08
"461","Pays de la Loire",26,"ESPERANTO","ESPÉRANTO - LANGUE COMMUNE ÉQUITABLE POUR L'EUROPE","DIEUMEGARD Pierre",1147,0.04,0.09
"462","Provence-Alpes-Côte d'Azur",26,"ESPERANTO","ESPÉRANTO - LANGUE COMMUNE ÉQUITABLE POUR L'EUROPE","DIEUMEGARD Pierre",1353,0.04,0.08
"463","Corse",26,"ESPERANTO","ESPÉRANTO - LANGUE COMMUNE ÉQUITABLE POUR L'EUROPE","DIEUMEGARD Pierre",94,0.04,0.11
"464","Guadeloupe",26,"ESPERANTO","ESPÉRANTO - LANGUE COMMUNE ÉQUITABLE POUR L'EUROPE","DIEUMEGARD Pierre",4,0,0.01
"465","Martinique",26,"ESPERANTO","ESPÉRANTO - LANGUE COMMUNE ÉQUITABLE POUR L'EUROPE","DIEUMEGARD Pierre",186,0.06,0.47
"466","Guyane",26,"ESPERANTO","ESPÉRANTO - LANGUE COMMUNE ÉQUITABLE POUR L'EUROPE","DIEUMEGARD Pierre",0,0,0
"467","La Réunion",26,"ESPERANTO","ESPÉRANTO - LANGUE COMMUNE ÉQUITABLE POUR L'EUROPE","DIEUMEGARD Pierre",36,0.01,0.02
"468","Mayotte",26,"ESPERANTO","ESPÉRANTO - LANGUE COMMUNE ÉQUITABLE POUR L'EUROPE","DIEUMEGARD Pierre",4,0.01,0.02
"469","Grand Est",27,"ÉVOLUTION CITOYENNE","ÉVOLUTION CITOYENNE","CHALENÇON Christophe",115,0,0.01
"470","Nouvelle-Aquitaine",27,"ÉVOLUTION CITOYENNE","ÉVOLUTION CITOYENNE","CHALENÇON Christophe",181,0,0.01
"471","Auvergne-Rhône-Alpes",27,"ÉVOLUTION CITOYENNE","ÉVOLUTION CITOYENNE","CHALENÇON Christophe",242,0,0.01
"472","Bourgogne-Franche-Comté",27,"ÉVOLUTION CITOYENNE","ÉVOLUTION CITOYENNE","CHALENÇON Christophe",79,0,0.01
"473","Bretagne",27,"ÉVOLUTION CITOYENNE","ÉVOLUTION CITOYENNE","CHALENÇON Christophe",114,0,0.01
"474","Centre-Val de Loire",27,"ÉVOLUTION CITOYENNE","ÉVOLUTION CITOYENNE","CHALENÇON Christophe",66,0,0.01
"475","Île-de-France",27,"ÉVOLUTION CITOYENNE","ÉVOLUTION CITOYENNE","CHALENÇON Christophe",258,0,0.01
"476","Occitanie",27,"ÉVOLUTION CITOYENNE","ÉVOLUTION CITOYENNE","CHALENÇON Christophe",280,0.01,0.01
"477","Hauts-de-France",27,"ÉVOLUTION CITOYENNE","ÉVOLUTION CITOYENNE","CHALENÇON Christophe",85,0,0
"478","Normandie",27,"ÉVOLUTION CITOYENNE","ÉVOLUTION CITOYENNE","CHALENÇON Christophe",100,0,0.01
"479","Pays de la Loire",27,"ÉVOLUTION CITOYENNE","ÉVOLUTION CITOYENNE","CHALENÇON Christophe",119,0,0.01
"480","Provence-Alpes-Côte d'Azur",27,"ÉVOLUTION CITOYENNE","ÉVOLUTION CITOYENNE","CHALENÇON Christophe",370,0.01,0.02
"481","Corse",27,"ÉVOLUTION CITOYENNE","ÉVOLUTION CITOYENNE","CHALENÇON Christophe",11,0,0.01
"482","Guadeloupe",27,"ÉVOLUTION CITOYENNE","ÉVOLUTION CITOYENNE","CHALENÇON Christophe",3,0,0.01
"483","Martinique",27,"ÉVOLUTION CITOYENNE","ÉVOLUTION CITOYENNE","CHALENÇON Christophe",2,0,0.01
"484","Guyane",27,"ÉVOLUTION CITOYENNE","ÉVOLUTION CITOYENNE","CHALENÇON Christophe",0,0,0
"485","La Réunion",27,"ÉVOLUTION CITOYENNE","ÉVOLUTION CITOYENNE","CHALENÇON Christophe",1,0,0
"486","Mayotte",27,"ÉVOLUTION CITOYENNE","ÉVOLUTION CITOYENNE","CHALENÇON Christophe",13,0.02,0.06
"487","Grand Est",28,"ALLIANCE JAUNE","ALLIANCE JAUNE. LA RÉVOLTE PAR LE VOTE","LALANNE Francis",10439,0.27,0.56
"488","Nouvelle-Aquitaine",28,"ALLIANCE JAUNE","ALLIANCE JAUNE. LA RÉVOLTE PAR LE VOTE","LALANNE Francis",14734,0.34,0.66
"489","Auvergne-Rhône-Alpes",28,"ALLIANCE JAUNE","ALLIANCE JAUNE. LA RÉVOLTE PAR LE VOTE","LALANNE Francis",13321,0.25,0.5
"490","Bourgogne-Franche-Comté",28,"ALLIANCE JAUNE","ALLIANCE JAUNE. LA RÉVOLTE PAR LE VOTE","LALANNE Francis",5761,0.29,0.58
"491","Bretagne",28,"ALLIANCE JAUNE","ALLIANCE JAUNE. LA RÉVOLTE PAR LE VOTE","LALANNE Francis",5903,0.24,0.46
"492","Centre-Val de Loire",28,"ALLIANCE JAUNE","ALLIANCE JAUNE. LA RÉVOLTE PAR LE VOTE","LALANNE Francis",5850,0.32,0.65
"493","Île-de-France",28,"ALLIANCE JAUNE","ALLIANCE JAUNE. LA RÉVOLTE PAR LE VOTE","LALANNE Francis",12192,0.17,0.34
"494","Occitanie",28,"ALLIANCE JAUNE","ALLIANCE JAUNE. LA RÉVOLTE PAR LE VOTE","LALANNE Francis",14280,0.34,0.65
"495","Hauts-de-France",28,"ALLIANCE JAUNE","ALLIANCE JAUNE. LA RÉVOLTE PAR LE VOTE","LALANNE Francis",13244,0.31,0.64
"496","Normandie",28,"ALLIANCE JAUNE","ALLIANCE JAUNE. LA RÉVOLTE PAR LE VOTE","LALANNE Francis",7805,0.33,0.64
"497","Pays de la Loire",28,"ALLIANCE JAUNE","ALLIANCE JAUNE. LA RÉVOLTE PAR LE VOTE","LALANNE Francis",7048,0.26,0.53
"498","Provence-Alpes-Côte d'Azur",28,"ALLIANCE JAUNE","ALLIANCE JAUNE. LA RÉVOLTE PAR LE VOTE","LALANNE Francis",9659,0.27,0.56
"499","Corse",28,"ALLIANCE JAUNE","ALLIANCE JAUNE. LA RÉVOLTE PAR LE VOTE","LALANNE Francis",450,0.19,0.52
"500","Guadeloupe",28,"ALLIANCE JAUNE","ALLIANCE JAUNE. LA RÉVOLTE PAR LE VOTE","LALANNE Francis",6,0,0.02
"501","Martinique",28,"ALLIANCE JAUNE","ALLIANCE JAUNE. LA RÉVOLTE PAR LE VOTE","LALANNE Francis",53,0.02,0.13
"502","Guyane",28,"ALLIANCE JAUNE","ALLIANCE JAUNE. LA RÉVOLTE PAR LE VOTE","LALANNE Francis",6,0.01,0.05
"503","La Réunion",28,"ALLIANCE JAUNE","ALLIANCE JAUNE. LA RÉVOLTE PAR LE VOTE","LALANNE Francis",91,0.01,0.05
"504","Mayotte",28,"ALLIANCE JAUNE","ALLIANCE JAUNE. LA RÉVOLTE PAR LE VOTE","LALANNE Francis",20,0.03,0.09
"505","Grand Est",29,"UNION DROITE-CENTRE","UNION DE LA DROITE ET DU CENTRE","BELLAMY François-Xavier",159641,4.14,8.6
"506","Nouvelle-Aquitaine",29,"UNION DROITE-CENTRE","UNION DE LA DROITE ET DU CENTRE","BELLAMY François-Xavier",166505,3.85,7.49
"507","Auvergne-Rhône-Alpes",29,"UNION DROITE-CENTRE","UNION DE LA DROITE ET DU CENTRE","BELLAMY François-Xavier",276400,5.15,10.38
"508","Bourgogne-Franche-Comté",29,"UNION DROITE-CENTRE","UNION DE LA DROITE ET DU CENTRE","BELLAMY François-Xavier",96006,4.87,9.67
"509","Bretagne",29,"UNION DROITE-CENTRE","UNION DE LA DROITE ET DU CENTRE","BELLAMY François-Xavier",100839,4.11,7.84
"510","Centre-Val de Loire",29,"UNION DROITE-CENTRE","UNION DE LA DROITE ET DU CENTRE","BELLAMY François-Xavier",82432,4.56,9.13
"511","Île-de-France",29,"UNION DROITE-CENTRE","UNION DE LA DROITE ET DU CENTRE","BELLAMY François-Xavier",328238,4.57,9.28
"512","Occitanie",29,"UNION DROITE-CENTRE","UNION DE LA DROITE ET DU CENTRE","BELLAMY François-Xavier",153909,3.68,7.04
"513","Hauts-de-France",29,"UNION DROITE-CENTRE","UNION DE LA DROITE ET DU CENTRE","BELLAMY François-Xavier",134498,3.2,6.53
"514","Normandie",29,"UNION DROITE-CENTRE","UNION DE LA DROITE ET DU CENTRE","BELLAMY François-Xavier",95280,4.02,7.87
"515","Pays de la Loire",29,"UNION DROITE-CENTRE","UNION DE LA DROITE ET DU CENTRE","BELLAMY François-Xavier",117138,4.3,8.73
"516","Provence-Alpes-Côte d'Azur",29,"UNION DROITE-CENTRE","UNION DE LA DROITE ET DU CENTRE","BELLAMY François-Xavier",150738,4.25,8.81
"517","Corse",29,"UNION DROITE-CENTRE","UNION DE LA DROITE ET DU CENTRE","BELLAMY François-Xavier",10451,4.48,12.17
"518","Guadeloupe",29,"UNION DROITE-CENTRE","UNION DE LA DROITE ET DU CENTRE","BELLAMY François-Xavier",2169,0.7,5.67
"519","Martinique",29,"UNION DROITE-CENTRE","UNION DE LA DROITE ET DU CENTRE","BELLAMY François-Xavier",2880,0.95,7.32
"520","Guyane",29,"UNION DROITE-CENTRE","UNION DE LA DROITE ET DU CENTRE","BELLAMY François-Xavier",387,0.42,3.36
"521","La Réunion",29,"UNION DROITE-CENTRE","UNION DE LA DROITE ET DU CENTRE","BELLAMY François-Xavier",10745,1.67,5.98
"522","Mayotte",29,"UNION DROITE-CENTRE","UNION DE LA DROITE ET DU CENTRE","BELLAMY François-Xavier",3582,4.56,17
"523","Grand Est",30,"EUROPE ÉCOLOGIE","EUROPE ÉCOLOGIE","JADOT Yannick",222093,5.76,11.96
"524","Nouvelle-Aquitaine",30,"EUROPE ÉCOLOGIE","EUROPE ÉCOLOGIE","JADOT Yannick",295549,6.83,13.3
"525","Auvergne-Rhône-Alpes",30,"EUROPE ÉCOLOGIE","EUROPE ÉCOLOGIE","JADOT Yannick",398677,7.44,14.97
"526","Bourgogne-Franche-Comté",30,"EUROPE ÉCOLOGIE","EUROPE ÉCOLOGIE","JADOT Yannick",115310,5.85,11.62
"527","Bretagne",30,"EUROPE ÉCOLOGIE","EUROPE ÉCOLOGIE","JADOT Yannick",208545,8.49,16.21
"528","Centre-Val de Loire",30,"EUROPE ÉCOLOGIE","EUROPE ÉCOLOGIE","JADOT Yannick",103640,5.73,11.48
"529","Île-de-France",30,"EUROPE ÉCOLOGIE","EUROPE ÉCOLOGIE","JADOT Yannick",561968,7.82,15.89
"530","Occitanie",30,"EUROPE ÉCOLOGIE","EUROPE ÉCOLOGIE","JADOT Yannick",288703,6.9,13.2
"531","Hauts-de-France",30,"EUROPE ÉCOLOGIE","EUROPE ÉCOLOGIE","JADOT Yannick",212491,5.05,10.31
"532","Normandie",30,"EUROPE ÉCOLOGIE","EUROPE ÉCOLOGIE","JADOT Yannick",137325,5.79,11.34
"533","Pays de la Loire",30,"EUROPE ÉCOLOGIE","EUROPE ÉCOLOGIE","JADOT Yannick",209027,7.68,15.58
"534","Provence-Alpes-Côte d'Azur",30,"EUROPE ÉCOLOGIE","EUROPE ÉCOLOGIE","JADOT Yannick",200341,5.65,11.71
"535","Corse",30,"EUROPE ÉCOLOGIE","EUROPE ÉCOLOGIE","JADOT Yannick",18944,8.12,22.05
"536","Guadeloupe",30,"EUROPE ÉCOLOGIE","EUROPE ÉCOLOGIE","JADOT Yannick",4081,1.33,10.67
"537","Martinique",30,"EUROPE ÉCOLOGIE","EUROPE ÉCOLOGIE","JADOT Yannick",4315,1.43,10.96
"538","Guyane",30,"EUROPE ÉCOLOGIE","EUROPE ÉCOLOGIE","JADOT Yannick",2146,2.31,18.63
"539","La Réunion",30,"EUROPE ÉCOLOGIE","EUROPE ÉCOLOGIE","JADOT Yannick",15412,2.39,8.58
"540","Mayotte",30,"EUROPE ÉCOLOGIE","EUROPE ÉCOLOGIE","JADOT Yannick",918,1.17,4.36
"541","Grand Est",31,"PARTI ANIMALISTE","PARTI ANIMALISTE","THOUY Hélène",50626,1.31,2.73
"542","Nouvelle-Aquitaine",31,"PARTI ANIMALISTE","PARTI ANIMALISTE","THOUY Hélène",45979,1.06,2.07
"543","Auvergne-Rhône-Alpes",31,"PARTI ANIMALISTE","PARTI ANIMALISTE","THOUY Hélène",50976,0.95,1.91
"544","Bourgogne-Franche-Comté",31,"PARTI ANIMALISTE","PARTI ANIMALISTE","THOUY Hélène",23920,1.21,2.41
"545","Bretagne",31,"PARTI ANIMALISTE","PARTI ANIMALISTE","THOUY Hélène",21354,0.87,1.66
"546","Centre-Val de Loire",31,"PARTI ANIMALISTE","PARTI ANIMALISTE","THOUY Hélène",21500,1.19,2.38
"547","Île-de-France",31,"PARTI ANIMALISTE","PARTI ANIMALISTE","THOUY Hélène",79353,1.1,2.24
"548","Occitanie",31,"PARTI ANIMALISTE","PARTI ANIMALISTE","THOUY Hélène",42598,1.02,1.95
"549","Hauts-de-France",31,"PARTI ANIMALISTE","PARTI ANIMALISTE","THOUY Hélène",54487,1.29,2.64
"550","Normandie",31,"PARTI ANIMALISTE","PARTI ANIMALISTE","THOUY Hélène",30076,1.27,2.48
"551","Pays de la Loire",31,"PARTI ANIMALISTE","PARTI ANIMALISTE","THOUY Hélène",22439,0.82,1.67
"552","Provence-Alpes-Côte d'Azur",31,"PARTI ANIMALISTE","PARTI ANIMALISTE","THOUY Hélène",39034,1.1,2.28
"553","Corse",31,"PARTI ANIMALISTE","PARTI ANIMALISTE","THOUY Hélène",3051,1.31,3.55
"554","Guadeloupe",31,"PARTI ANIMALISTE","PARTI ANIMALISTE","THOUY Hélène",36,0.01,0.09
"555","Martinique",31,"PARTI ANIMALISTE","PARTI ANIMALISTE","THOUY Hélène",25,0.01,0.06
"556","Guyane",31,"PARTI ANIMALISTE","PARTI ANIMALISTE","THOUY Hélène",28,0.03,0.24
"557","La Réunion",31,"PARTI ANIMALISTE","PARTI ANIMALISTE","THOUY Hélène",2573,0.4,1.43
"558","Mayotte",31,"PARTI ANIMALISTE","PARTI ANIMALISTE","THOUY Hélène",16,0.02,0.08
"559","Grand Est",32,"LES OUBLIES DE L'EUROPE","LES OUBLIÉS DE L'EUROPE - ARTISANS. COMMERÇANTS. PROFESSIONS LIBÉRALES ET INDÉPENDANTS - ACPLI -","BIDOU Olivier",4666,0.12,0.25
"560","Nouvelle-Aquitaine",32,"LES OUBLIES DE L'EUROPE","LES OUBLIÉS DE L'EUROPE - ARTISANS. COMMERÇANTS. PROFESSIONS LIBÉRALES ET INDÉPENDANTS - ACPLI -","BIDOU Olivier",6751,0.16,0.3
"561","Auvergne-Rhône-Alpes",32,"LES OUBLIES DE L'EUROPE","LES OUBLIÉS DE L'EUROPE - ARTISANS. COMMERÇANTS. PROFESSIONS LIBÉRALES ET INDÉPENDANTS - ACPLI -","BIDOU Olivier",6279,0.12,0.24
"562","Bourgogne-Franche-Comté",32,"LES OUBLIES DE L'EUROPE","LES OUBLIÉS DE L'EUROPE - ARTISANS. COMMERÇANTS. PROFESSIONS LIBÉRALES ET INDÉPENDANTS - ACPLI -","BIDOU Olivier",2696,0.14,0.27
"563","Bretagne",32,"LES OUBLIES DE L'EUROPE","LES OUBLIÉS DE L'EUROPE - ARTISANS. COMMERÇANTS. PROFESSIONS LIBÉRALES ET INDÉPENDANTS - ACPLI -","BIDOU Olivier",3453,0.14,0.27
"564","Centre-Val de Loire",32,"LES OUBLIES DE L'EUROPE","LES OUBLIÉS DE L'EUROPE - ARTISANS. COMMERÇANTS. PROFESSIONS LIBÉRALES ET INDÉPENDANTS - ACPLI -","BIDOU Olivier",1966,0.11,0.22
"565","Île-de-France",32,"LES OUBLIES DE L'EUROPE","LES OUBLIÉS DE L'EUROPE - ARTISANS. COMMERÇANTS. PROFESSIONS LIBÉRALES ET INDÉPENDANTS - ACPLI -","BIDOU Olivier",5470,0.08,0.15
"566","Occitanie",32,"LES OUBLIES DE L'EUROPE","LES OUBLIÉS DE L'EUROPE - ARTISANS. COMMERÇANTS. PROFESSIONS LIBÉRALES ET INDÉPENDANTS - ACPLI -","BIDOU Olivier",5336,0.13,0.24
"567","Hauts-de-France",32,"LES OUBLIES DE L'EUROPE","LES OUBLIÉS DE L'EUROPE - ARTISANS. COMMERÇANTS. PROFESSIONS LIBÉRALES ET INDÉPENDANTS - ACPLI -","BIDOU Olivier",4250,0.1,0.21
"568","Normandie",32,"LES OUBLIES DE L'EUROPE","LES OUBLIÉS DE L'EUROPE - ARTISANS. COMMERÇANTS. PROFESSIONS LIBÉRALES ET INDÉPENDANTS - ACPLI -","BIDOU Olivier",3140,0.13,0.26
"569","Pays de la Loire",32,"LES OUBLIES DE L'EUROPE","LES OUBLIÉS DE L'EUROPE - ARTISANS. COMMERÇANTS. PROFESSIONS LIBÉRALES ET INDÉPENDANTS - ACPLI -","BIDOU Olivier",3472,0.13,0.26
"570","Provence-Alpes-Côte d'Azur",32,"LES OUBLIES DE L'EUROPE","LES OUBLIÉS DE L'EUROPE - ARTISANS. COMMERÇANTS. PROFESSIONS LIBÉRALES ET INDÉPENDANTS - ACPLI -","BIDOU Olivier",3299,0.09,0.19
"571","Corse",32,"LES OUBLIES DE L'EUROPE","LES OUBLIÉS DE L'EUROPE - ARTISANS. COMMERÇANTS. PROFESSIONS LIBÉRALES ET INDÉPENDANTS - ACPLI -","BIDOU Olivier",127,0.05,0.15
"572","Guadeloupe",32,"LES OUBLIES DE L'EUROPE","LES OUBLIÉS DE L'EUROPE - ARTISANS. COMMERÇANTS. PROFESSIONS LIBÉRALES ET INDÉPENDANTS - ACPLI -","BIDOU Olivier",4,0,0.01
"573","Martinique",32,"LES OUBLIES DE L'EUROPE","LES OUBLIÉS DE L'EUROPE - ARTISANS. COMMERÇANTS. PROFESSIONS LIBÉRALES ET INDÉPENDANTS - ACPLI -","BIDOU Olivier",3,0,0.01
"574","Guyane",32,"LES OUBLIES DE L'EUROPE","LES OUBLIÉS DE L'EUROPE - ARTISANS. COMMERÇANTS. PROFESSIONS LIBÉRALES ET INDÉPENDANTS - ACPLI -","BIDOU Olivier",1,0,0.01
"575","La Réunion",32,"LES OUBLIES DE L'EUROPE","LES OUBLIÉS DE L'EUROPE - ARTISANS. COMMERÇANTS. PROFESSIONS LIBÉRALES ET INDÉPENDANTS - ACPLI -","BIDOU Olivier",14,0,0.01
"576","Mayotte",32,"LES OUBLIES DE L'EUROPE","LES OUBLIÉS DE L'EUROPE - ARTISANS. COMMERÇANTS. PROFESSIONS LIBÉRALES ET INDÉPENDANTS - ACPLI -","BIDOU Olivier",0,0,0
"577","Grand Est",33,"UDLEF","UDLEF (UNION DÉMOCRATIQUE POUR LA LIBERTÉ ÉGALITÉ FRATERNITÉ)","PERSON Christian Luc",74,0,0
"578","Nouvelle-Aquitaine",33,"UDLEF","UDLEF (UNION DÉMOCRATIQUE POUR LA LIBERTÉ ÉGALITÉ FRATERNITÉ)","PERSON Christian Luc",55,0,0
"579","Auvergne-Rhône-Alpes",33,"UDLEF","UDLEF (UNION DÉMOCRATIQUE POUR LA LIBERTÉ ÉGALITÉ FRATERNITÉ)","PERSON Christian Luc",100,0,0
"580","Bourgogne-Franche-Comté",33,"UDLEF","UDLEF (UNION DÉMOCRATIQUE POUR LA LIBERTÉ ÉGALITÉ FRATERNITÉ)","PERSON Christian Luc",37,0,0
"581","Bretagne",33,"UDLEF","UDLEF (UNION DÉMOCRATIQUE POUR LA LIBERTÉ ÉGALITÉ FRATERNITÉ)","PERSON Christian Luc",69,0,0.01
"582","Centre-Val de Loire",33,"UDLEF","UDLEF (UNION DÉMOCRATIQUE POUR LA LIBERTÉ ÉGALITÉ FRATERNITÉ)","PERSON Christian Luc",43,0,0
"583","Île-de-France",33,"UDLEF","UDLEF (UNION DÉMOCRATIQUE POUR LA LIBERTÉ ÉGALITÉ FRATERNITÉ)","PERSON Christian Luc",4104,0.06,0.12
"584","Occitanie",33,"UDLEF","UDLEF (UNION DÉMOCRATIQUE POUR LA LIBERTÉ ÉGALITÉ FRATERNITÉ)","PERSON Christian Luc",66,0,0
"585","Hauts-de-France",33,"UDLEF","UDLEF (UNION DÉMOCRATIQUE POUR LA LIBERTÉ ÉGALITÉ FRATERNITÉ)","PERSON Christian Luc",60,0,0
"586","Normandie",33,"UDLEF","UDLEF (UNION DÉMOCRATIQUE POUR LA LIBERTÉ ÉGALITÉ FRATERNITÉ)","PERSON Christian Luc",88,0,0.01
"587","Pays de la Loire",33,"UDLEF","UDLEF (UNION DÉMOCRATIQUE POUR LA LIBERTÉ ÉGALITÉ FRATERNITÉ)","PERSON Christian Luc",84,0,0.01
"588","Provence-Alpes-Côte d'Azur",33,"UDLEF","UDLEF (UNION DÉMOCRATIQUE POUR LA LIBERTÉ ÉGALITÉ FRATERNITÉ)","PERSON Christian Luc",110,0,0.01
"589","Corse",33,"UDLEF","UDLEF (UNION DÉMOCRATIQUE POUR LA LIBERTÉ ÉGALITÉ FRATERNITÉ)","PERSON Christian Luc",2,0,0
"590","Guadeloupe",33,"UDLEF","UDLEF (UNION DÉMOCRATIQUE POUR LA LIBERTÉ ÉGALITÉ FRATERNITÉ)","PERSON Christian Luc",0,0,0
"591","Martinique",33,"UDLEF","UDLEF (UNION DÉMOCRATIQUE POUR LA LIBERTÉ ÉGALITÉ FRATERNITÉ)","PERSON Christian Luc",2,0,0.01
"592","Guyane",33,"UDLEF","UDLEF (UNION DÉMOCRATIQUE POUR LA LIBERTÉ ÉGALITÉ FRATERNITÉ)","PERSON Christian Luc",2,0,0.02
"593","La Réunion",33,"UDLEF","UDLEF (UNION DÉMOCRATIQUE POUR LA LIBERTÉ ÉGALITÉ FRATERNITÉ)","PERSON Christian Luc",7,0,0
"594","Mayotte",33,"UDLEF","UDLEF (UNION DÉMOCRATIQUE POUR LA LIBERTÉ ÉGALITÉ FRATERNITÉ)","PERSON Christian Luc",0,0,0
"595","Grand Est",34,"EUROPE AU SERVICE PEUPLES","UNE EUROPE AU SERVICE DES PEUPLES","AZERGUI Nagib",1702,0.04,0.09
"596","Nouvelle-Aquitaine",34,"EUROPE AU SERVICE PEUPLES","UNE EUROPE AU SERVICE DES PEUPLES","AZERGUI Nagib",259,0.01,0.01
"597","Auvergne-Rhône-Alpes",34,"EUROPE AU SERVICE PEUPLES","UNE EUROPE AU SERVICE DES PEUPLES","AZERGUI Nagib",3949,0.07,0.15
"598","Bourgogne-Franche-Comté",34,"EUROPE AU SERVICE PEUPLES","UNE EUROPE AU SERVICE DES PEUPLES","AZERGUI Nagib",596,0.03,0.06
"599","Bretagne",34,"EUROPE AU SERVICE PEUPLES","UNE EUROPE AU SERVICE DES PEUPLES","AZERGUI Nagib",158,0.01,0.01
"600","Centre-Val de Loire",34,"EUROPE AU SERVICE PEUPLES","UNE EUROPE AU SERVICE DES PEUPLES","AZERGUI Nagib",1192,0.07,0.13
"601","Île-de-France",34,"EUROPE AU SERVICE PEUPLES","UNE EUROPE AU SERVICE DES PEUPLES","AZERGUI Nagib",12957,0.18,0.37
"602","Occitanie",34,"EUROPE AU SERVICE PEUPLES","UNE EUROPE AU SERVICE DES PEUPLES","AZERGUI Nagib",880,0.02,0.04
"603","Hauts-de-France",34,"EUROPE AU SERVICE PEUPLES","UNE EUROPE AU SERVICE DES PEUPLES","AZERGUI Nagib",2788,0.07,0.14
"604","Normandie",34,"EUROPE AU SERVICE PEUPLES","UNE EUROPE AU SERVICE DES PEUPLES","AZERGUI Nagib",509,0.02,0.04
"605","Pays de la Loire",34,"EUROPE AU SERVICE PEUPLES","UNE EUROPE AU SERVICE DES PEUPLES","AZERGUI Nagib",378,0.01,0.03
"606","Provence-Alpes-Côte d'Azur",34,"EUROPE AU SERVICE PEUPLES","UNE EUROPE AU SERVICE DES PEUPLES","AZERGUI Nagib",3001,0.08,0.18
"607","Corse",34,"EUROPE AU SERVICE PEUPLES","UNE EUROPE AU SERVICE DES PEUPLES","AZERGUI Nagib",1,0,0
"608","Guadeloupe",34,"EUROPE AU SERVICE PEUPLES","UNE EUROPE AU SERVICE DES PEUPLES","AZERGUI Nagib",3,0,0.01
"609","Martinique",34,"EUROPE AU SERVICE PEUPLES","UNE EUROPE AU SERVICE DES PEUPLES","AZERGUI Nagib",0,0,0
"610","Guyane",34,"EUROPE AU SERVICE PEUPLES","UNE EUROPE AU SERVICE DES PEUPLES","AZERGUI Nagib",2,0,0.02
"611","La Réunion",34,"EUROPE AU SERVICE PEUPLES","UNE EUROPE AU SERVICE DES PEUPLES","AZERGUI Nagib",30,0,0.02
"612","Mayotte",34,"EUROPE AU SERVICE PEUPLES","UNE EUROPE AU SERVICE DES PEUPLES","AZERGUI Nagib",2,0,0.01
